,Abdominal Neoplasms,Abdominal Pain,Acidosis,Acne Vulgaris,Acquired Immunodeficiency Syndrome,Acute Coronary Syndrome,Acute Kidney Injury,Addison Disease,Adenocarcinoma,Adenoma,Adenoviridae Infections,Adrenal Insufficiency,Agoraphobia,Airway Obstruction,Albuminuria,Alcohol Withdrawal Delirium,Alcoholism,Alopecia,Alzheimer Disease,Amnesia,Amyloidosis,Anaphylaxis,Aneurysm,Angioedema,Anorexia,Anoxia,Antiphospholipid Syndrome,Anxiety Disorders,Aortic Aneurysm,Aortic Valve Insufficiency,Apnea,"Arrhythmias, Cardiac",Arterial Occlusive Diseases,Arteriosclerosis,Arthritis,"Arthritis, Gouty","Arthritis, Psoriatic",Ascites,Asthma,Ataxia,Atherosclerosis,Athetosis,Atrial Flutter,Atrioventricular Block,Atrophy,Attention Deficit and Disruptive Behavior Disorders,Autistic Disorder,Back Pain,Bacterial Infections,Basal Ganglia Diseases,Behcet Syndrome,Bipolar Disorder,Blepharoptosis,Bone Neoplasms,Borderline Personality Disorder,Bradycardia,"Brain Diseases, Metabolic",Brain Injuries,Brain Neoplasms,Breast Neoplasms,Bronchiectasis,Bronchitis,Bronchopneumonia,Bronchopulmonary Dysplasia,Bruxism,Bulimia,Burkitt Lymphoma,Calcinosis,Capillary Leak Syndrome,Carcinoma,"Carcinoma, Non-Small-Cell Lung","Cardiac Output, Low",Cardiomegaly,Cardiomyopathies,"Cardiomyopathy, Dilated","Cardiomyopathy, Hypertrophic",Catalepsy,Cataplexy,Cataract,Catatonia,Causalgia,Cellulitis,Cerebellar Ataxia,Cerebral Palsy,Cerebrovascular Disorders,Chest Pain,"Child Development Disorders, Pervasive",Cholestasis,Churg-Strauss Syndrome,Cleft Lip,Cleft Palate,Cluster Headache,Colitis,Colonic Neoplasms,Colorectal Neoplasms,Coma,Consciousness Disorders,Constipation,Coronary Stenosis,Cough,Craniocerebral Trauma,Crohn Disease,Cushing Syndrome,Deglutition Disorders,Dementia,"Dementia, Vascular",Demyelinating Diseases,Dermatomyositis,Diabetes Complications,"Diabetes Insipidus, Nephrogenic",Diabetic Cardiomyopathies,Diabetic Nephropathies,Diabetic Neuropathies,Diabetic Retinopathy,Diarrhea,Disease Progression,Disseminated Intravascular Coagulation,Dizziness,Drug Eruptions,Drug Hypersensitivity,Duodenal Ulcer,Dyskinesias,Dysmenorrhea,Dyspepsia,Dystonia,Dysuria,Eating Disorders,Eczema,Emphysema,"Endocarditis, Bacterial",Endometrial Hyperplasia,Endometrial Neoplasms,Endometriosis,Enuresis,Ependymoma,"Epilepsies, Myoclonic",Epilepsy,Erectile Dysfunction,Erythema,Erythema Multiforme,Erythromelalgia,Esophageal and Gastric Varices,"Esophagitis, Peptic",Essential Tremor,Eye Injuries,Facial Nerve Diseases,Fatigue,Fatty Liver,Fibromyalgia,Fibrosis,Gastroenteritis,Giant Cell Arteritis,Glaucoma,"Glaucoma, Open-Angle",Glioblastoma,Glioma,Glomerulonephritis,"Glomerulonephritis, IGA","Glomerulosclerosis, Focal Segmental",Glucose Intolerance,Gout,Graft vs Host Disease,Granuloma,Graves Disease,Hallucinations,Heart Arrest,Heart Diseases,Heart Failure,Hepatitis,Hepatitis C,"Hepatitis, Autoimmune","Hepatitis, Chronic",Hepatomegaly,Herpes Genitalis,Herpes Simplex,Herpes Zoster,Hiccup,HIV Wasting Syndrome,Hodgkin Disease,Huntington Disease,Hydrocephalus,Hyperacusis,Hyperaldosteronism,Hyperemesis Gravidarum,Hyperhidrosis,Hyperprolactinemia,Hypersensitivity,Hypertension,"Hypertension, Malignant","Hypertension, Portal","Hypertension, Pregnancy-Induced","Hypertension, Pulmonary","Hypertrophy, Left Ventricular","Hypertrophy, Right Ventricular",Hypochondriasis,Hypogonadism,Hypokinesia,Hypopituitarism,Impulse Control Disorders,Infection,Inflammatory Bowel Diseases,Insulin Resistance,Intervertebral Disc Degeneration,Intracranial Aneurysm,Iridocyclitis,"Keratosis, Actinic",Kidney Neoplasms,Laryngismus,Latent Tuberculosis,Learning Disorders,Leiomyoma,"Leishmaniasis, Visceral",Leprosy,"Leukemia, Myeloid, Acute",Leukoencephalopathies,"Liver Cirrhosis, Biliary","Liver Diseases, Alcoholic",Long QT Syndrome,Lung Injury,Lung Neoplasms,Lupus Nephritis,Lymphoma,"Lymphoma, B-Cell","Lymphoma, Non-Hodgkin","Lymphoma, T-Cell",Malaria,Melanoma,Meniere Disease,Meningeal Neoplasms,Menstruation Disturbances,Mental Disorders,Mesothelioma,Microscopic Polyangiitis,Migraine Disorders,Migraine with Aura,Migraine without Aura,Miosis,Mitochondrial Myopathies,Mixed Connective Tissue Disease,Mononeuropathies,Mood Disorders,Motion Sickness,Mouth Neoplasms,Movement Disorders,Multiple Myeloma,Multiple Sclerosis,"Multiple Sclerosis, Relapsing-Remitting",Muscle Cramp,Muscle Rigidity,Muscle Weakness,Muscular Diseases,Myasthenia Gravis,Mycoplasma Infections,Myocarditis
6-Mercaptopurine,,0,0,,,0,,,0,,,,,,,,,,,,,,,,,,,,,,,,,,0,,,,,0,,0,0,,,,,,0,,,,,,,,,,,0,,,,,,,,,,0,,,,,0,,,,,,,,,,,,,0,,,,,,,,,0,,,,0,1,0,0,,,0,,,,,,,,0,,0,,,,,,,,,,,0,,,,,,,,,0,,,,,,,,,,0,0,,,,,0,,0,0,,,,,,,,,,,,,,,1,1,0,,0,0,,,0,,0,,,,0,,,,,,,,,,,,,,,0,1,,,,,,,,,,,0,,1,1,,,,,,,0,0,0,0,,0,,,,,,,0,,,,,,0,,,,,,,,,,0,,,0,
Acebutolol,,0,0,0,,0,0,,0,,,,,,,,0,,,,,0,,0,,0,,1,,,,1,,,0,,,,,,,,,,,,,,,0,,,,,,0,0,,,,,,,,,,,,,,,0,,0,,,,,,,,,,,,0,,0,,,,,,,,0,,,0,0,,,,,,,0,,,,,,,,,,,,,,,,,,0,,,0,,,,0,,,,0,,,,0,,,,,,,,0,,0,0,,,,,,0,,,,,,,,,,,,0,0,0,,0,,,,,,,0,,,,,,,,1,,,,,,,,,,,,,,,,,,0,,,,,,,,,,,,,,,,,,,,,,,,,,,,,,,0,,,0,0,,,,,,,,,,,,,
Acenocoumarol,,,,,,0,0,,0,,,,,,,,,,,,,,,0,,,,,,,,1,,,,,,,,0,,,0,,,,,,,,,,,,,0,,,,,,,0,,,,,,,,,,,,,,,,,,,,,,,,,,,,,,,,,,,,,0,,,,,0,,,,,,,,,,,,,,,,,,,,,,,0,,0,,,,,,,0,,,,,,,,,,,,,,0,,,,,,,,,,,,,0,,0,,0,,,,,,,,,0,,,,,,,,,,,,,,,0,,,,,0,,,0,,,,,,,,,,,,,,,,,,,,,,,,,,,,,,,,,,,,,,,,,,,,,,,,,,,,,,
Acetazolamide,,,0,,,,0,,,,,,,,,,,,,,,,,,,1,0,,,,0,,,,,,,,0,0,0,,0,,,,,,,,0,,,,,0,0,,,,,,0,,,,,,,,,,,0,,,,,0,,,,,,,,,,,,0,,,,,0,,,,0,1,,,,,,0,,0,,,0,,,0,,0,,0,,0,0,,,1,,0,,,,,,,,,0,1,,,,,,,,1,,,0,,,,,1,,,,,,,,,,,,0,,,0,,,,,,,,,,,,,1,,,,,,,,,,,0,0,,,,0,,,,,,,,0,,,,,,,,,,0,,,,,,,,,,,,,,,,,,,0,,,0,,,,0,,,,,0,,,,,,,,
Acyclovir,,,0,,1,,0,,0,0,0,,,,,,,0,,,,,,,0,0,,0,,0,,,,0,,,,0,,,,,0,,0,,,0,1,,,,,,,,,,,0,,0,,,,,,,,,,,,,,,,,,,,,,,,,,0,,,,,,,,0,,,,0,,,,0,,,0,,,,,,,,0,0,0,,0,,,,,0,,0,,,,,,,,,,,0,,,,,,0,,,1,0,,,,,,,,,,,,,,,0,0,,,,,0,0,0,0,,,1,1,1,0,,0,,,,,,,,,0,,,,,,,,,,,,0,,,,,,0,,,,,,,,0,1,,,,,0,,0,,0,,,,0,,,0,,,0,,,,,,,,,,,0,,,,,,,,,
Albuterol,,0,,,,,0,,,,,,,,,,,,,0,,1,,,0,0,,,,,,0,,,,,,,1,,0,,,,0,,,0,0,,,0,,,,,,,,,,0,,,,,,,,,0,,,0,,,,,0,,,0,,,,0,,,,,,,0,,,0,,,,0,,,,,,,0,,,,,0,0,,0,,,,,0,,,,,,0,,,0,,,,,,,,0,,0,,,,0,,0,,0,,0,,0,0,,,,,,,,,,,,,,0,0,,,,,,,,,0,,,,,,,,,,,,1,,,,,,,,,,,,0,,,0,,,,,0,,,0,,,,,,,,,,,,,,,,,,,,0,,,0,,,,,,,,,,0,,,,0,,0,0,,,1
Alprostadil,,,0,,,,1,,,,,,,,,,,,,,,,,,,,,,,,0,,1,0,,,,,,,,,,0,,,,,,,,,,,,0,,,,,,,,,,,,,,,,0,,,,,,,,,,,,,,,,,,,,,,,,,,,1,,,,,,,,,,,,,,,,,,,,,,0,,,,,,,,,,,,,,,,,1,,0,,,,,,,,1,,,,,,,,,1,,,,,,,,,,,1,,,,,,,,0,0,,,,,,,,,,,1,,,,1,,,,,,,,,,,,,,,,,,,,,,,,,,,,,,0,,,,,,,,,,,,,,,,,,,,,,,,,,,,,,,,
Amantadine,,,,,,,0,,0,,,,,,,0,,,,0,,,,,0,,,,,0,0,,,0,,,,,0,,,,,,0,,1,,,1,,,,,,,,1,,,,,0,,0,,,,,,,,,0,0,,1,,,,,0,1,,,,,,,,,,,,,,0,,0,,0,,,0,1,,0,,,,,,,,,0,0,,,0,,1,,,0,,,,,,,,,,,,0,,0,,0,,0,,,,1,0,,,,,,,,,,,,,,,0,0,,,,0,,1,,,,,,,0,,,1,,,,,,,,0,,,,,,,,0,1,,,,,,,,,0,,,,,0,,,,0,,,,,,,,,,,,,,,,0,,,0,,,,,,0,0,,,1,,1,,,1,0,,,,
Amikacin,,,0,,0,,0,,,,,,,,,,,,,,,,,,0,,,,,0,,,,,,,,0,,,,,,,,,,,1,,,,,,,0,0,,,,0,,1,,,,,,0,,,,,0,,,,,,,,,,,,,,0,,,,,,0,,,0,,,,,,,,,,,,,,,,,,,,0,,,,,,,,,,,,,1,,,,,,,,,,,,,,,,,,,,,,,,,,,,,,0,,,,,,,,,,,,,1,,,0,,,,,,,,,1,,,,,,,,,,,,,,,,,,,,,,,,,,,,,0,,,,,,,,,,,,,,,,,,,,,,,,,,,,,,0,,,,,,,,,,
Aminocaproic Acid,,,0,,,,0,,,,,,,,,,,,,,,,,1,,0,,,,,,,,,,,,,,,,,,,0,,,0,,,,,,,,0,,,,,,,,,,,,,,,,,,0,,,,,,,,0,,,,0,,,,,,,,,,,,,,0,,,,,0,,0,,,,,,,,,,,0,,1,,,,,,,,,0,0,,,,,,,,,,,,,,,1,,0,0,,0,0,,,,0,,,,,,,,,,,0,,,,,,,,,,,,,,,,,,,,,0,,,0,,0,,,,,,,,,,,,0,,,,,,,,,,0,0,,,,,0,,,,0,,,,,,,,,,0,,,,,,,,,,,0,,,,,,,,,
Aminophylline,,,0,,,0,,,,,,0,,,,0,0,,,,1,0,,0,,0,,,,,1,0,,,,,,,1,,,,0,1,,,,,,,,0,,,,1,,,,,0,1,0,,,,,,1,,,,,,,,,,,,,,,,,1,,,0,,,,0,,,,0,,,0,,,,,,,,,,,,,,0,,,,1,,,,,,,,,,,0,,,,,,,,,,,,,,,,,,,,,,,,,,,,,,,,,,,,,,,1,,,,,,,,,0,,,,,,0,,,,,0,,,,,,,,,,,,,,,,,,,,,,,,,,,,,,,,,,,,,,,,,,,,,,,,,,,,,,,,,,0,,,,,,,,
Amiodarone,,0,,,,0,0,,,,,,,,,,,,,,,,,0,0,0,,,,,,0,,,,,,,,0,0,,,0,,,,,,,,,,,,0,,,,,,,,,,,,,,,,,1,1,1,1,,,0,,,,,,,0,,0,,,,,,,0,0,,,0,,,,,,,,,,,,,,,,,,,0,,,,,,,,,,,,,,,,,,,0,,0,,,,,,,,,,,,,,,,,,,,,,,,,0,,0,,0,0,,,,,,,,,,,,,,,,,,,0,,,,,,,,,,,,,,,,,,,0,,,,,,,,,,,0,,,,,,,,,,,,,,,,,,,,,,,,,,,,,,,,,,,,1
Amitriptyline,0,0,,0,,,0,,0,,,,,,,,,,,0,,,,,0,0,,1,0,,,0,,0,0,,0,,0,,,,0,,0,,,1,,,0,0,1,,,,0,,,0,,,,,0,,0,0,,,,,,,0,,1,1,,,,0,,,,0,,,,,,,0,,,,,,,,,,,,,,0,,,,,,1,0,0,,,0,,0,0,0,,1,0,0,,,,,,0,,0,,,0,,,,,,,,,,0,,0,,,,,,,,,,,0,0,,0,,,,0,,,0,,,,,,0,,,,,,,,,1,0,,0,,,,0,,,,,,,,0,,,,,,0,,,,,,,,,0,,,,,,,0,,,,,,,,,1,,,0,,,1,,,,,,,0,,0,,,,0,,,,
Amoxicillin,,0,0,,,,0,,0,,,0,,0,,,0,0,,0,,0,0,0,0,0,,,,,0,0,0,0,,,,,,0,,,,,0,,,0,,,,,,,,,,,,,1,0,0,,0,,,,,0,,,,0,,,,,,,,0,,,,0,,0,,,,,0,,,,,,,0,,0,,0,0,,0,,0,,,0,,,0,0,,0,0,0,,0,,0,,,0,0,,1,,,0,,,,0,0,0,,,,,,,,0,,0,,,,,,,,,,0,,,0,0,,,0,0,,0,0,,,0,,,0,,,,,,0,,,0,,0,0,,,,0,0,0,,,0,,,0,0,,0,,,0,,0,,,,,,,,,,,,0,,,,,,,,,,,0,,0,0,,,,,,,,,,,,,,,0,,,,,
Amphotericin B,,,0,,,,0,,,0,,,,,,,,,1,,,,,,0,,,,,,,,,,,,,0,,,,0,,,,,,,,,,,,,,0,0,,,,,,,,,,,,,,,,,,,,,,,,,0,,,,,,0,,,,,,,,,,,0,,,,,,,,,,,0,,,,,0,,0,,,,,,,,,,,,,,,,,,,,0,,,,,,,,,,,,,0,,,,,1,,0,,,,,0,,,,0,,0,0,,,,0,,0,,0,,,,,,,0,,,,0,,0,,,,,,,,,,,,,,,,,,,,,,1,,0,0,,,,,,,,,0,,,,,,,,,,,,,,,,,,,,,,,,,,0,,,,
Ampicillin,,0,0,0,,,0,,,,,0,,,,,,,,,,,0,0,0,0,,,0,0,0,0,,0,0,,,0,0,0,,,,,0,,0,0,1,,,0,,,,0,,,,,,0,0,0,,,,,0,,,,,0,0,0,,,0,,,0,,0,,0,,,,,,,0,,,,0,,,0,,1,,0,,,0,,0,,,,,,0,0,0,0,0,0,1,0,,0,,0,0,0,0,1,,,,,,,,0,0,,,,,,,,0,,0,,0,,,,,,,,,,,,,,,0,0,0,,,,,0,0,0,,0,,,,0,,,,0,,,0,,,,0,0,0,,,,,,0,0,,0,,,,,,,0,0,,,,0,,,,0,,,,,0,,,,,,,0,,,,,,,,,,,,,0,0,,,,,0,,,,
Amrinone,,,,,,0,0,,,,,,,,,,,,,,,,,,,,,,,,0,,,,,,,,,,,,,,,,,,,,,,,,,1,,,,,,,,,,,,,,,,1,,,,,,,,,,,,,,,,,,,,,,,,,,,,0,,,,,,,,,,,,,,,,,,0,,,,,,,,,,,,,,,,,,,,,,,,,,,,,,,,,,,,,,,,,,,,,,0,,,,1,,,,,,,,,,,,,,,,,,,,1,,,,1,,,,,,,,,,,,,,,,,,,,,,,,,,0,,,,,,,,,,,,,,,,,,,,,,,,,,,,,,,,,,,,
Aspirin,,,,,,1,0,,0,1,,,,,,,,,,0,0,,,,,,1,,0,,,0,,0,1,,,,,,1,,,,0,,,1,,,,,,,,0,1,,1,1,,0,,,,,,,,1,1,,,0,,0,1,,0,,,0,,,1,1,,,,,,,,,,,,,,1,,,,,0,0,0,,,,,1,1,1,0,,,0,,,,,,0,,0,0,,,,,,,,,,0,0,,,1,,,,,,0,0,,0,,,0,,1,,,,,,,,,,,0,0,1,,,,,0,,0,,,,,,,1,,,,,,0,,,1,,,,,,,,,,,,0,1,,,,,,,0,,,,,,,,,0,,,,,,,,,,,0,1,,1,1,,0,,,,,,,,,,,1,,1,,,,
Atropine,,0,0,,,0,0,,,,,,,,,,,,,0,,,,0,1,0,,,,,0,0,,,,,,0,,,,,0,0,,,,0,,,,,0,,0,0,0,,0,1,,0,,,0,,,,,,,,,0,0,,,1,,,,0,,,1,0,,,,,,,,,,0,0,,,,1,,,0,0,,0,,,,,,,,1,,,0,,0,1,1,,,,,,,,,,,,,,1,1,1,,,,,,,,,0,,,,0,,,,,,,,,,,0,,,,0,0,0,,,,0,,,,,,,,,0,,,,,,,0,,,,0,,,,,,,,,,,,,,,,,,,,,,,0,,,,,,,,,,,,,,,,,,,0,,,1,,,,,,,,,,,,,1,1,1,,
Azacitidine,,,,,,,,,,,,,,,,,,,,,,,,,,,,,,,0,,,,,,,,,,,,0,,,,,,,,,,,,,,,,,,,,,,,,,,,,,,,,,,,,0,,,0,,,,,,,,,,,0,1,1,,,,,0,,,,,,,,,,,,,,,,0,,,,,,,,,,0,,,,,,0,,,,,,,,,,,,,,,0,,,,,0,0,,,,,,,,,,,,,,,0,,,,,,,,0,,,,,,,,,0,,,,,,,,,,,,,,,0,,,,,,,,,,,,,,1,0,,,,,,,,,,,,,,,,,,,,,,,,,,0,,,0,1,,,,,,,,,
Azathioprine,0,,,,,0,,,0,,,,,,,,,0,,,,,,1,0,,,,,0,,0,,,1,,,0,,0,,0,,,0,,,0,,,1,0,,,,,,,,,,,,,,,,,,,,,,,1,,,,0,,,,,,,,,0,1,,,,,,,,,,,0,0,1,1,0,,0,0,1,,,,,0,,0,,0,,0,,0,,,0,,0,,,,,,,,,,,0,,0,,,,,,,,0,,,,0,1,,,0,,1,1,,0,,1,0,,,,,1,,1,1,1,,,0,0,,,,,,,,,,,,0,,,,,,,,,0,,,0,1,,,,,,,,,,,,,0,,,,,,,1,0,0,,0,,0,,,,,,,0,,,,,,0,,,,,0,1,1,0,,0,,1,,1
Aztreonam,,0,0,,,,,,,,,,,,,,,0,,,,,,,0,0,,,,,0,,,,,,,0,,0,,,,,0,,,,,,,,,,,,,,,,0,0,,,,,,,,,,,,0,,,,,,,,,,,,,,0,,,,,,,,,,,,0,,1,,0,0,,0,,,,,,,,,0,0,,0,,,,,,,,,,,,,,,,,,,,,,,,0,,,,,,,,,,,,,,,,,,,,,,,0,,,,,,,,,,0,,,,,0,,,,,,,0,,,,0,,,,,,,,0,,,,,,,,,,,,,,0,,,,,,,,,,,,,,,,,0,,,,,,,,,,,,,,,,,,,,,,,
Baclofen,,,,,,,,,,0,,,,,,,,,,0,,,,,,,,,,0,,,,,,,,,,,,,,,,,,1,,0,,0,,,,0,0,,,,,0,,,,,,,,,,,,0,,,,,0,0,1,,1,1,,0,,,,,,,,,,0,0,,,0,0,,,0,,,0,,,,,,,0,,,,0,,,0,0,,,1,0,,,,,,,,,,,,,,,,,,,,,0,,0,,,0,,,,,,,,,,,,,,,,,,,,,,,,0,,,,0,,,,,0,,,0,,,,,,,,,0,,,,,,0,,,0,,,,,0,,,,0,,,,,,,,,,,,,0,,,0,,,0,,,,,,,0,,,0,,1,,,,0,0,,,
Bendroflumethiazide,,,0,,,,0,,,,,,,,,,,,,,,,,0,,,,,,,,,,0,,,,,0,,,,,,,,,,,,,,,,,,,,,,,,,,,,,,,,,,,,,,,,,,,,,,,,,,,,,,,,,,,,,0,,,,,,,,,,1,,1,,,,,,,,,,0,,,,,,,,,,,,,,,0,,,,,,,,,,0,,,,0,,,,,,,,,,,,,,,0,,1,,,,,,,,,,,,,,,1,,,0,,1,0,,,,0,,,,,,,,,,,,,,,,,,,,,,,,,,,,,0,,,,,,,,,,,,,,,,,,,,,,,,,,,,,,,,
Bepridil,,,,,,,,,,,,,,,,,,,,,,,,,,,,,,,,1,,,,,,,,,,,1,0,,,,,,,,,,,,0,,,,,,,,,,,,,,,,,1,,,,,,,,,,,,,,,,,,,,,,,,,,,,,,,,,,,,,,,,,,0,,0,,,,,,,0,,,0,,,,,,,,,,,,,,,,,,,,,,,,,,,,,,,,,,,,,,,,,0,,,,,,,,,,,,,,,,,,,,1,,,,,,,,,,,,,,,,,,,,,,,,,,,,,,,,,,,,,,,,,,,,,,,,,,,,,,,,,,,,,,,,,,
Betahistine,,,0,,,,,,,,,,,,,,,,,,,,,,,,,,,,,,,,,,,,,,1,,,,,,,,,,,0,0,,,0,,,,,,,,,,,,,,,,,,,,,,,,,,,0,,,,,,,,,,,,,0,,,,,,,,,,,,,,,,,,,,,0,0,0,,,,,,,,,0,,,,,,,,,,,0,,,,,,,,,,,,0,,,,0,,,,,,,,,,,,,,,,,,,,,,,,,,,,,,,,0,,,,,,,,,,,,,,,,,,,,,,,,,,,,,,,,,,,,,,,,,1,,,,,,,,,,0,,,,,,,,,,,0,,,,,
Betaxolol,,,0,,,,0,,,,,,,,,,,,,,,,0,,,,,,,,,1,,0,0,,,,,,,,0,,,,,,,,,,0,,,0,,,,,,,,,,,,,,,,,,,,,,,0,,0,0,,,,,,,,,,,,,,0,0,,,0,0,,,,0,,,,,,,,0,,0,0,0,,,,0,0,,,0,,,,,,,,,,,,,0,0,0,,,,,,,,,,1,,,1,0,0,,,,,,,,,,,0,,0,,,,,,,,,,,,,,,,,,,,1,,,,0,,,,,0,,,0,,,,,,,,,,,,,,0,,,,,,,,,,,,,,,,,,,,,,,,,,,,,,,,,,,,,,,,
Bethanechol,,0,0,,,,0,,,,,,,,,,,,,,,,,,,,,,,,,,,0,,,,,,,,,0,,0,,,0,0,,,,0,,,,0,,,,,,,,,,,,,,,,,,,,,,0,,,0,,,,0,,,,,,,,,,0,,,,,,,,,,,0,,,,,,,,,,,0,,,,,,,,0,0,,,,,,,,,,0,1,0,,,,,,,,0,,,,,,,,,,,,,,,,,0,,,0,,,,,,,,,0,,,,,,,,,,,,,,,,,,,,,,,,0,,,,,,,,,,,,,,,,,,,,,,,,,,,,,,,,,,,,,,,,,,,,,,0,,,,0,,,,
Bezafibrate,,,0,,,,0,,,,,,,,,,,,,,,,,,1,,,,,,,,,,,,,0,,,1,,,,,,,,,,,0,0,,,0,1,,,,,,,,,,,,,,,,,,,,,,,,,,,,,,,0,,,,,,1,,,0,,1,,,,,,,,,,,,,,,,,,0,,0,,,,,,,,,0,,,,,,,,,,,,0,,,,,,,,1,,1,,,,,,,,,,1,,,0,,,,,0,,,0,,,,,,,,,,,,,,,,,,,0,,,,,,,,,,,,1,,,,,,,,,,,,1,,1,1,,,,,,,,,,,,,,,,,,,,,0,,,,,,,,,,,,0,0,,,
Biperiden,,,0,,,,,,,,,,,0,,,0,,,,,,,,,,,,,,,0,,,,,,,,0,,,,,,,,,,1,,1,,,,0,,,,,,,,,,,,,,,,,,,0,,1,,,0,,,,,,,,,,,,,,,,0,0,,,,0,,,0,0,,,,,,,,,,,,0,,0,,,0,,,0,0,,,,,,,,,,,0,,,,,,,,,,,,,,0,,,,,,,,,,,,,,,0,,0,,0,,,,,,1,,,,,,,,,,0,,,,,0,,,,,,,,,,,,,,,,,,,,,,,,,,0,,,,,0,,,,,,,,,0,,,,,,0,,,,,,,,,,,,0,,0,,,
Bisoprolol,,,,,,0,0,,,,,,,,,,,,,,,,,,,0,,,,,,0,,,,,,,,,,,,,0,,,,,,,,,,,0,,,,,,,,,,,,,,,,,,1,,,,,,,,,,,,,,0,,,,,,,,,0,,0,,,,,0,0,,,,,,,,,,0,,,,,,,,,,,,,,,,,,,0,,,,,,,,,,,,,,,,,,,,,,,,,,,0,,,,,0,0,1,0,,,,,,,,,,,,,,,,,,,,,,,0,,,,,,,,,,,,,,,,,,,,,,,,0,,,,,,,,,,,,,,,,,,1,,,,,,,,,,,,,,,,,,,,
brinzolamide,,,,,,,,,0,,,,,,,,,,,,,,,,,,,,,,,0,,,,,,,0,,,,,,,,,,0,,,,0,,,0,0,,,,,,,,0,,,,,,,,,,,,,,0,,,0,,,,,,,,,,,,,,,,,,,,,,,,,0,,,,,,,,,,,,,,,0,,,,,,,,,,,,,,,,,,,,,,,,,0,0,,,,,0,1,,,,,,,0,,0,,,,0,,,,,,,,,,,,,,,,,,0,,,,,,,,,,,,,,,0,,,,,,,,0,,,,,,,,,,,,,,0,,,,,,,,,0,,,,,,,,,,,,,,,,,,,,,,,
Bromocriptine,,,,,,,,,,1,,,,,,0,,,,0,,,,,,0,,,,0,,,0,,,,,,,,,,,,,,,,,1,,,,,,0,,1,,,,,,,,,,,,,,,0,,0,,,,0,1,,,,,,,,,,,,,,,,,0,1,,,0,,1,0,0,,,,,,,,,,,,0,0,,0,,1,,,0,0,,,,,,,,,,,0,,,,,,,,,,,,,,,,,,,,,,,,,,,,,,,1,,,,,,,,,,,,,,,,,0,1,,,,,,,,,,1,1,,,,,,,,,,0,,,,,,,,,,,,,,,,,,,,,,,1,,,,,,,,,,,,,,,,,,,1,,,,,
Budesonide,,0,,,,,0,,,,,,0,,,,0,0,0,0,,0,,,0,0,,0,0,0,,0,,,0,,,,1,,0,,,,0,0,,0,,,,,,,,,,,,,,0,,1,,,,,,,,,,,0,,,,0,0,,,,,,0,,,0,,0,0,0,,,,,,,0,,1,0,,,,,,0,,,0,0,0,0,,,0,,,0,,,0,,0,0,0,0,,,,,0,,,0,0,,,,,0,,,,1,0,0,,0,,0,,,,,,,0,0,0,,,,0,,,0,0,0,0,0,,,,,,,,,0,,,0,,,0,,0,,,,0,,,,,,,0,,0,,0,,,,,,,,,,,,,,,1,,,0,,,,,0,,,,,,0,,,,,,,,,,0,,,,,,,,,,
Bumetanide,,0,0,,,,0,,,,,,,,,,,,,0,,0,,0,0,,,,,0,,0,,,,,,,0,,0,,0,0,0,,,0,,,,,,,,0,,,,,,0,,,0,,,,,,,,,0,0,0,,,0,,,0,,0,,0,,,,,,,,,,,0,,,0,,,,,0,,0,,,,,,,0,0,0,0,0,,,,,,0,,,,,,,,,,,,,0,,,,,,,,,,0,,,,0,,,,,,,,,,0,,,,,0,0,1,0,0,0,,,,0,0,,,,,,,,,,,0,1,1,0,,0,,,,,,,,0,,,,0,,,,,,,,,,,0,,,,,,,,,,,,,,,,,,,,,,,,,,,,,,0,,,,,,,,,
Bupivacaine,,,,,,,,,,,,,,,,,,,,,,0,,,,0,,,,,0,,,,,,,,,,,,,,,,,0,,,,,,,,,,,0,,,,,,,,,,,,,,,,,,,,,,0,,,,,,,,,,,,,,,0,,0,,,,,,,,,0,,,,,,,,,,0,,,,,,,,,,,,,,,,,,,,,,,,,,,,,,,0,,,,,0,,,,,,,,,,0,,,,,,,,,,,,,,0,,,,0,,,,,,,,,,,,,,,,,,,,,,,,,,,,,,0,,,,,,,,,,,,,,,,,,0,,,,,,0,,,,,,0,,,0,,,,0,,0,,,,
Bupropion,,,,0,,0,,,,0,,,0,,,0,0,0,,0,,,,0,0,0,,0,,0,,,0,0,0,,,,0,0,0,0,,,0,,,0,0,,,0,,,0,,0,0,0,,,0,,,0,0,,0,0,,,,,0,0,,,,0,,,0,,,,0,0,,,,,,,,,,,,0,0,0,,,0,0,,0,,0,0,0,0,0,0,,,,0,,0,,0,0,0,0,0,0,0,0,,,,0,,,,0,0,,,,0,0,0,0,0,1,0,0,,,,,0,,,,,,0,0,,,,0,,0,,,0,,,0,0,0,0,,,0,,,0,,,0,,0,0,,,,,0,,0,0,,,,0,,0,0,0,,,,,,,0,,,,0,,,,0,0,,,,,,,,0,,0,0,,,0,0,,,,,,1,0,0,0,0,0,,0,,0,0,,,
Buspirone,,,,,,,,,,,,,,0,,,,,,0,,,,,,,,0,,,1,0,,0,,,,,0,1,,,,,0,,1,0,,,,0,,,,1,,,,0,,0,,,1,,0,,,,,,,0,,,1,,0,,,0,1,,,0,,,,,,,,,,0,,,,0,,,,,0,,0,,0,,,,0,0,0,,,0,,0,,,0,0,,0,0,0,,,,,0,,,,0,0,,,,,,,,,0,,0,,0,,,,,,,,,0,,,,,1,,0,,,,,,,,,,,,0,,,,,,,,,0,,,,,,,,0,,,0,,,,,,,,,,,,,,,,,,,,,0,,,,,,,,,,,,,,0,,,,,,0,,,,0,,0,,,,0,,,,
Carbamazepine,,0,,,,,,,0,,,,,,,,0,0,,0,,,,,0,,,,,,,,,,,,,,0,,,,0,,,,,,,0,,0,,,0,0,0,,,,,0,,,0,,,,,,,,,,,,,,,1,,,0,,,,,0,,,,,,,,,0,,,0,0,,0,0,,,0,,,1,,1,0,0,0,,,0,0,0,,0,0,0,,0,0,0,,,,,,0,,,1,,0,0,1,,,1,,,0,0,0,,,,,,,,,,,,,,,,,0,,,,0,,,,,0,0,,,0,,,0,,,0,,,0,,,,,,,,,0,0,,,,,,,,0,,,,0,,,,,0,,,,,,,0,,,,,,,,,1,,,1,,0,0,,,0,0,,,,,0,,,,0,,,,
Carbimazole,,,,,,,,,,,,,,,,,,,,,,,,,,,,,,,,,,,,,,0,1,,,,,,,,,,0,,,0,,,,,,,,,,,,,,,,,0,,,,,0,,,,,,,,,,,0,,,0,,,,,,,,,0,,,,,,,,,,,,,0,,,,,,,,,,,,0,,,0,,,,,,,,,,,,,,,,,,,,,,,,,,,,,,,,,,,,,,,1,,0,,,0,,,0,,,,,,,,,,,,,,,,,,,,,,,,,,,,,,,,,,,,,,,,,,,,,,,,,,,,,,,,,,,,,,,,,0,,,,,,,,,,,,,0,,,,
Carmustine,,,0,,,0,0,,1,,,,,,,,,,,,,,,,,,,,,,,,,,,,,,,,,,0,,,,,,,,,,0,,,,,,1,1,,,,,,,,,0,,0,,,0,,,,,0,,,,,,,0,,,,,,,,1,1,0,,,,0,0,,,,,,0,,,,,,,,,,,,,,,,,,,,,,,,,,0,,1,,,,0,,,,,,,,,,,,,,,,1,1,,,,,0,,,,,,,,,,,,,,,0,,,1,,0,,,,,,0,,,,,0,,,,,,,,0,,,,,,,,,,,,,,0,0,,,,0,1,,1,,,,,,,,,,,,,,,,,,,,,1,,1,,,,,0,,,,
Carteolol,,,0,,,,,,,,,,,,,,,,,,,0,,,,,,,,,,1,,,,,,,,,,,,0,,,,,,,,,,,,0,,,,,,,,0,,,,,,,,,,,,,1,,0,,,,,,,,,,,,,,,,,,,,,,,,,,,,,,,,,,,,,,0,,,,,,,,,,,,,,,,,,,,,,,,,,,,,,,,,,,,1,,,,,,,,,,,,,,,,,,,,,,,,,,,,,,,,,,,1,,,,,,,,,,,,0,,,,,,,,,,,,,,,,,,,,,,,,,,,,,,,,,,,,,,,,,,,,,,,,,,0,,0,,
Cefaclor,,0,,,,,0,,,,,,,,,,,,,,,0,0,0,0,0,,,0,0,,,,0,,,,,0,,,,,,,,,0,0,,,,,,,,,,,,,0,0,,,,,,,,,,,,,,,,0,,,0,,,,0,,,,,,,,,,,,,,,0,,0,,,,0,,,,,,0,,0,,0,,0,0,,,,,,,0,,,,,,,,,,0,0,,0,,,,,,,0,,,0,,,,,,,,,,,,,0,,,,,0,0,,,,0,,,,0,,,,,,,,0,,0,0,,,,,,,,,,,,0,,,0,,,0,,,,,,,,,,,,,,,,,,,,0,,,,,,,,,,,,,,,,,,,,,,,,,,,,
Cefazolin,,0,0,,,,0,,,,,,,,,,,0,,,,0,0,,,0,,,,,,,,0,,,,,,,,,,0,,,,0,,,,,,,,0,0,,,,,0,,,,,,,,,,,,,,,,,,,,0,,,,0,,,,,,,0,,,,0,0,,0,0,,,0,0,,0,,,0,,,,,0,,0,,,0,,,,,,0,,,,1,,,,,,,,0,0,,,,,,,,,,,,0,,0,,,,,,,,,,,,,0,,0,,,,,,,,,,,,,,,,,,,,,,,,0,,,,,,,,0,,,0,,,,,,,,,,,,,,,,,0,,,,,,,,,,,,,,,,,,,,,,,,,,,,,,0,,,,
cefepime,,0,0,,,,0,,,,,,,,,,,,,,,,,,0,0,,,0,,,0,,0,0,,,0,,,,,0,0,0,,,0,0,,,,,,,,0,,,,,,,,,,,,,,,,,,,,,,,,,1,,,,,,0,,,,,0,,,,,,,,0,,,0,0,0,0,,,,,,,,0,,0,,,,,,,,,,,,0,1,,,,,,,,,,,,,,,,,,,,,,,,,,,,,,,,,,,,0,,,0,,,,0,,,,,,,,,,,,,,,0,,,,0,0,,,,,,,0,,,0,,,,,,,,,,,0,,,,,,0,,,,,,,,,,,,,,,,,,,,,,,,,,,,,,,,,,
Cefixime,,,,,,,0,,,,,,0,,,,,,,,,,,0,0,,,0,,,,,,,,,,,,0,,,,,,,,,,,,,,,,0,,,,,,1,,,,,,,,,,,,,,,,,,,,,,,,,,0,,,,,,,,,,,,,,,,,,,,,,,,,,,0,,,,,,,,,,,,,0,,,,,,,,,,,0,,,,,,,,,0,,,0,,,,,,,,,,,,,,,,,,,,,,0,,,,,,,,,,,,,,0,,,,,,,,,,,,,0,,,,,,,,,,,,,,,,,,,,,,,,,,,,,,,,,,,,,,,,,,,,,,,,,,,,,,
Cefmetazole,,0,,,,,,,0,,,,,,,,,,,,,,,,,,,0,,,0,,,,,,,0,,,,,,,,,,0,,,,,,,,0,,,,,,,,,,,,,,,,,,,,,,,,,,,,,,,,,,,,,,,,,0,,,,,,,,,,,,,,,,,,,,0,,,0,0,,,,,,,,,1,,,,,,,0,,,,,,,,,,,,,,,,,,,,,,,,,,,,,,,,,0,0,,,,,0,,,,,,,,,,,,0,,,,,,,,,,,,,,,,,,,,,,,,,,,,,,,,,,,,,,,,,,,,,,,,,,,,,,,,,,,,,,,,,,
Cefotaxime,,,0,,,,0,,,,,0,,,,,,,,,,0,,,,0,,,,,0,0,,,0,,,0,0,,0,,,0,,,,,1,,,,,,,0,,,,,,,,,,,,0,0,,,,,,,,,,,,,,,,,,,0,0,,,,,,,0,,,,,,,,,,,0,,,0,,,,,,,0,,,0,,,,,,,,,,1,,,,,,,,,0,0,,,,,,,,0,,0,,,,,,,,,,,,,,,,,,0,0,,,,0,,,,,,,,0,,,,,,,0,,,,0,,,,,,,,0,,,0,,,,,,,,,,,,0,,,,,,,,,,,,,,,,,,,,,,0,,,,0,,,,0,,,,,,,,,
Cefotiam,,,,,,,,,,,,,,,,,,,,,,0,,,,,,,,,0,,,,,,,,,,,0,,,,,,,0,,,,,,,,,,,,,0,,,,,,,,,,,,,,,,,,,,0,,,,,,,,,,,,,,,0,,,,,,,,,,,,,,,0,,,,,0,,0,,,,,,,0,,,,,,,,,,,,,0,,,,,,,,,,,,0,,,,,,,,,,0,,,,,,,0,,0,0,,,,,,,,,,,,,,,,,,,,,,,,,,,,,1,,,,,,,,,,,,,,,,,,,,,,,,,,,,,,,,,,,,,,,,,,,,0,,,,,,,,,,
Ceftazidime,,,0,,,,0,0,,,,,,,,,,0,,,,0,,,0,0,,,,,,0,,,,,,0,,,,,,,0,,,,0,,,,0,,,0,,,,,,0,1,,,,,,,,,,,,,,,,,,,,,,,,,0,,,,,,,,,0,,,0,,,,,,,0,,,,,,,,0,0,0,,,,0,,,,,,,,,1,,,,,,,,,0,,,,,,,,,0,,,,,,,,,,,,,,0,,,,0,,,,,,,0,,,0,,,,,,,,,,,,0,,,,0,,0,,,,,,1,,,,,,,,,,,,,,,,,,,,0,,,,,,,,,,,,,,,,,,,,,,,,,,,,,,,,,,
Cefuroxime,,,0,,,0,0,,,,,,,,,,,,,,,0,,,0,0,,,,0,,0,,,,,,0,0,,,,0,,,,,,1,,,,,,,0,,,,,,0,0,,,,,,0,,,,,0,0,,,,,,,1,,0,,,,0,0,,,,,,,0,,,0,0,,0,,0,0,,0,,,,,,,,0,,,,,0,,,,0,,,0,,0,,,,,,,,0,,0,,,,,,,,0,0,,,0,,,,,,,,0,,,,,,,0,,,,,,,,,0,,,,,,,,,,0,,,0,,,,0,,,,,,,,0,,,,,,,,,,,,,,,0,,,,,0,,,,,,,,,,,0,,,0,,,,,,,,,,0,0,,,,,0,0,,,
celecoxib,,0,,,,,,,1,,,,,,,0,,0,,0,,,0,,1,,,0,0,0,,,0,0,1,,,,0,,,,0,0,0,,,0,,,,,,,,0,,,0,1,0,0,,,0,,,,0,,,,,0,0,,,,0,1,,0,,,,0,,,,,,,,1,1,,,,,0,,,,0,,,0,,,,,,0,,0,0,,0,,,,,,0,,0,0,0,,,,,1,,,,0,0,0,,,,0,,,,0,0,1,,0,,,,0,,,,,0,1,,,,,,0,,,0,,,,,,0,,,,,,,,,0,,0,0,,,,,,,,,,,,0,,,0,0,,,,,,,0,,,,,,,,,0,,,,,,,,,,,,,,0,,,,,,,0,,0,,1,,,,,0,,,,
Cetirizine,,,0,,,0,0,,,,,,,,,,,0,,0,,0,,,,,,0,,,0,,,0,,,0,,0,,,,0,,,,,0,,,,,,,,0,,,,0,,0,,,0,,,,,0,,,,,,,,,0,,,0,,,,0,,,,,,,,,,,,,0,0,,0,,,,,0,,,,,,0,,,,0,0,,,,0,,,,,0,0,0,,,,0,,,,,0,0,,,,,,,,0,,0,,,,,,,,,,,,,,,,,0,,,0,,0,,0,,,0,,,,,,0,,,0,,1,0,,,,0,,,,,,,,,,,0,0,,,,,,,0,,,,0,,,,,,,,,,,,,,,,,,,0,,,,,,,,,,,,,,,,0,,,,
Chlorambucil,,,,,,,,,,,,,,,,,,,,,,,,,,,,,,,,,,0,,,,,,,,,,,,,,,0,,1,,,,,,,,,,,0,0,,,,,,,,,,,0,,,,,0,,,,,,,,,,,,,,,,,,,,,,,,,,,,0,,,,,,,,,,,,,,,0,,,,,,,0,,,,,,,,0,,,,,,,,,,,,,,,,,,,,,,,,,,,,,,,,,,,,0,,,,,,,,,,,,,,,,,,,,,,,,,,,0,0,,,,,,,,,,,,,0,0,,,,,,1,1,,1,0,,,,,,0,,,,,,,,,,,,,,,,,,,0,,,,
Chloramphenicol,,,,,,,,,,,,,,,,,,,,0,,,,,0,,,,,,,,,,,,,,,,,,,,,,,,,,,,,,,,,,,,,,0,,0,,,,,,,,,,,,0,,,0,,,,,,,,,,,,,,,,,,,,,,,,0,,,,,,,,,,,,,,,,0,,0,,0,,0,,,,1,,,,,,,0,,,,,,,,0,,0,,,,,,0,,,,,,,,,,,,,,,,0,,,,,,,,,,,,,,,,,,,,,,,,,,,,,,,,,,,,,,,,,,,,,,,,,,,,,,,,,,,,,,,,,,,,,,,,,,,,,,,,,,,,,
Chloroquine,,0,0,,,,0,,,,,0,,,,,0,0,,0,,,,,,,,,,,,,,,1,0,,0,,,,,,,,,,,,,,,,,,,,,,1,,,,,,,0,,,,,,,0,,,,,,,,0,0,,,,,0,,,,,,,,0,,,,0,,,,,,,,,,,,,,,0,,,,,,,,,,,,,,,,,,,,,,0,,0,,,,,,,,,0,,,,,,,1,,,,,,,,0,,,,,0,1,,,,0,,,,,,,,,,,,,,0,0,,,,0,,,0,,,,,,,,,,,,,,,,,,1,,,,,,,0,,,,,,1,,,,,,,,,,,,0,,,,,,,,,,,0,0,,,,
Chlorpheniramine,,,,,,,,,,,,,,,,,,,,0,,1,,,,,,,,,,,,,,,,,0,,,,,,,,,,,,,,,,,,,0,,,0,,,,,,,,,,,,,,,,,,,,,,,,,,,,0,,,,,,,,0,,,,,,,,,,,,,,,,,,,,,0,0,0,,,,,0,,0,0,,,0,,,,,,,,0,0,,,,,,,,,,,0,,,,,,,,,,,,,0,,,,,0,,,,,,,,,,,,,,,,,,1,,,,,,,,,,,,,,,,,,,,,,,,,,,0,,,,,,,,,,,,,,,,,,,,,,,,,,,,,,,,,,,,,,,,
Chlorpromazine,,,0,,,0,0,,,,1,,,,,,0,,0,,,,,,0,,,,,0,0,,1,0,0,,,0,,,,1,,,,,,0,,0,,0,0,,,,0,,,,,0,,,,,,,,,,,,,,,,,,,,0,,,,,,0,,,,,,,,0,0,,,,,,,0,0,,0,,0,,,0,0,0,,,0,0,,0,,0,,,0,,0,,,,,,,,,,0,0,0,,,,,,0,,0,,,,,,,,,1,,,,0,,,,,1,,,,0,,,,0,,1,,0,,0,,,0,,,0,0,0,,,,,,,0,,,,,0,0,,0,,,,,,,,,0,,,0,0,,,,0,,,0,,,,1,,,,,1,,,1,0,,0,,,,,,,0,,,,,,,1,,1,
Chlorprothixene,,,,0,,,,,,,,,,,,,,,,,,,,,,,,,,,,,,0,,,,,,,,,,0,,,,,,,,0,,,,,,,,,,,,,,,,,,,,,,,,,,,,,,,,,,,,,,,,,,,,,,,,,,,,,0,,0,,,,,,,,,,,,,,,,,,,,,,,,,,,,,,0,0,,,,,,,,,0,,,,0,,,,,,,,,,,,,,,,,0,,,,,,,1,,,,,,0,,,,0,,,,,,,,,,,,,,,,,,,,,,,,,0,,,,,,,,,,,,,,,,,,,,,1,,,,,,0,,,,,,,0,,,,,,,0,,1,
ciclopirox,,0,,0,,0,,,1,,,,,,,,,0,,,,,,,0,,,,,,,0,,0,0,,,0,,,0,,0,,0,,,0,,,0,0,,,,0,,,,1,,0,,,0,,,,,,,,,,,,,,,,,0,,,,0,,,,,,,0,1,,,,,,0,0,0,,,,,0,0,,,,,,,,,,0,,,,,,0,,,,,0,,0,,,,,,,,,,,,,,,,0,0,0,,0,,,,,,,,,,,,,,,,0,,0,,,,0,,0,0,,,,,,,,,0,,,0,0,,,,0,,,,,,,0,0,,,,,0,,,,,,,,1,,,,,,0,,0,,,,,,,,,0,,,,,,,,,,,,,,,0,,0,,,0,,,
Cimetidine,,0,,,,,,,,,,0,,,,,,0,,0,,0,,,0,0,,0,,0,0,,,,0,,,,,,,,,,,,,0,,,,0,,,0,0,0,,0,,,0,,,,,,,,,,,,0,,,,,,,,0,,,,0,,,,,,,,0,,0,0,,0,0,,,,0,,,0,,,,,,,,,0,0,0,,0,1,,,1,,0,0,,,,,1,,,,,,0,0,,,,1,,,,0,,0,0,0,,,,,,,,,0,0,,,,,,0,0,,,0,,,,0,0,,,,,,,,,0,,,0,,,,,0,,,,,,,0,0,,,,,,,,,,,,,,,,,,,0,,0,,,,,,,,,0,,,0,0,,,,,,,,,0,,,,,,0,,,,
Cinnarizine,,,0,,,,0,,,,,,0,,,,,,,0,,,,,,,,,,,,,,,,,,,0,,,,,,,,,,,0,,,,,,,,,0,,,,,,,,,,,,,,,,,,,,,,,,,,,,,,,,,,,,,,0,,,,,,,,,,,,,,,,,,,,,1,,,,,,,,0,,,,,,,,,,,,,,,,,,,,,,,,,,,,,,,,,,,,,,,,,,,,,,,,,,,,,,,,,,,,,,,,,,,,,,,,,,,,,,,,,,,,,,,,,,,,,,,,,,,,,,,,,,,,0,,,,,,,,,,,,,,,,,,,,
Ciprofloxacin,,0,,,,0,0,,,,,0,,,,,0,,,0,,,,0,0,0,1,,0,,,0,0,0,,,,0,0,,0,,,,0,,,0,1,,,,,,,0,,,,,,0,0,,0,,,,,,,,,0,,,,,0,,,1,,,,0,,0,,,,,0,,,0,,,0,0,0,1,,0,0,,0,,,,,,0,0,0,,,0,0,0,,,,0,,0,0,0,,1,,,,,,,0,0,0,,,0,,0,,,0,,0,,0,,,0,,,,,0,,,,0,,,0,0,,,0,,,0,,,,0,,,,,,,,0,,,0,,,,,,,,,,,,1,,,0,0,,,0,,,,0,,,0,,,,0,1,1,,,0,,,1,0,,,,0,,,0,,,,,0,,,,,0,,,,,,0,,,1,
Cisapride,,0,,,,,,,,0,,,,,,,,,,,,,0,,,,,,,,0,0,0,,0,,,,,,,,,,0,,,0,,0,,,0,,0,,,,,,,0,0,0,0,,,,,,0,,,0,0,0,,,0,,,0,,,,0,,,,,,,,,,0,,1,,0,,,1,0,,,0,,1,,,,,0,,,,,,,1,0,,1,,,,0,0,,0,,,,,,,,,,,,,,,,,0,,0,,0,,,,,,,,0,0,,,,,0,0,,,,,,,,,0,,,,,,0,,,0,,,0,,,,0,,,,,0,,,0,,,0,,,,,,,,0,,,,,,0,,,,,,,,,,,,,,0,,,0,,,,,,,,,,0,0,,,0,,0,,,,
Citalopram,,0,,,,,,,,0,,,0,,,,0,0,,0,,,,,0,,,0,,,,1,,0,,,,,0,0,,,,0,0,,1,0,0,,,,,,,,,,,0,,0,,,0,,,,,,,,,,,,,,,,,0,,,,0,1,,,,0,,0,,,0,,,,0,0,,,0,,,0,,0,,,0,0,0,0,,,0,,,,0,,,0,0,0,0,0,,,,,,,,1,0,0,,,,0,,,,0,,0,,,,0,,,,,,,0,,,,,,,,,,,,,,,,,,,,,,0,,,0,,,,,,,,,,,0,,,1,0,0,,,,,,,,,,,,,0,0,,,,,,,,,,,,,,,,1,,,,,,,,,,1,,,0,,0,,,,0,0,,,
Clenbuterol,,,,,,,,,,,,,,,,,,,,,,0,,,0,,,,,,,,,,,,,,1,,,,,,1,,,,,,,,0,,,,,,,,,,,,,,,,,,,,,,,,,,,,,,,,,,,,,,,,,,,,,,,,0,,,,,,,,,,,,,,,,,,0,,,0,,,,,,,,,,,,,,,,,,,,,,,0,,,,,,,,,,,,,,,,,,,,,,,,,,,,,,,,,,,,,,,,,,,,,,,,,,,,,,,,,,,,,,,,,,,,,,,,,,,,,,,,,,,,,,,,,,,,,,,,,,,,,,,,,,,,,
Clindamycin,,0,0,1,,0,0,,0,,,0,,,,,0,0,,,,,,,0,0,,0,,0,0,0,0,0,0,,,0,0,,,,,,0,,,0,1,0,,0,,,,0,,,,,,,0,0,,,,,,,,,,,,,,,0,,,0,,,,0,,0,,,,,0,,,,0,0,,0,,,,0,,,0,,,,,,,0,0,,,0,0,0,,,,0,0,0,0,,0,0,,,,,,,,,0,,,,0,,,0,0,,0,,,,,,,,,,,,,,0,,,,,,,,,,0,,0,,,,,,,,,,,,,0,,,,0,,,,,,,,1,,,0,,,0,0,,,,0,,,,0,,,,0,0,,,0,,,,,0,,,,,,0,,,,,,,,,0,0,0,,,,,0,,,,
Clomiphene,,,,,,,,,0,,,,,,,,,0,,,,,,,,,,,,,,,,,,,,0,,,,,,,,,,,,,,,,,,,,,,,,0,,,,,,,,,,,,0,,,,,,,,,,0,,,,,,0,0,,,,,,,,,,,,,,,,,,,,,,,,,,,,,,,,,,,,,,,,0,0,,,,,,,,,,,,,,,,,,,,,,,,,,,,,,,,,,0,,0,,,,,,,,,,,,,,,,0,,1,,,,,,,,,,,0,,,,,,,,0,,0,,,,,,,,,,,,,,,0,,,,,,,,1,,,,,,,,,,,,,,,,,,,,,,,,
Clomipramine,,,0,,,,,,,,,,,,,,0,,,,,,,0,,,0,,,,0,,,,,,,,,,,,,,,,1,,,0,,0,,,,,,,,,,,,,0,,,,,,,,,,0,,,1,,0,,0,,,,,,,,,,,,,,0,0,,,,0,,,,,,,,,0,,,,,,,,,,,,0,,,,,,0,,,,,,1,,,0,0,,,,,,,,,,0,,,,,,,,,,,,,,,0,0,0,,,,,,,,,,,,,,,0,,,,,0,0,,,,,,,0,,,,0,,,,,,,,,,0,,,,,,,,0,,,,,,,,,,,,,,,,1,,,,,,0,,,,,,,,,,,,,,,,,
Clonidine,,0,,,,,0,,0,,,,,,1,,,,,,,,0,,,0,,1,,,0,0,,,,,,,0,0,,,,,0,,1,0,,,,0,,,,0,0,,0,,,,,,,,,0,,,,,,0,0,,,1,0,1,0,0,,,0,0,,,,,,,,,,0,,,,0,,,,0,,,0,,,,,,0,0,0,,,0,,0,,,,0,,,0,,,,,,,,,,,0,0,,,,,,,,,0,,,0,,,,,,,,,,,,,,,0,,0,,0,,,,,,,,,,,,,,,0,,,0,,,1,0,,,,,,,,,,,,0,,,,,,0,,,,,,,,,,,,0,,,,,,,,,,,,,,,,,,,,,,,,,,,1,,,,,
Clotrimazole,0,0,,,0,,0,,1,0,,,,,,,,0,,,,,,,0,0,,,0,0,,0,,0,,,0,0,0,,,,0,,0,,,0,0,,,,,,,0,0,,1,,0,0,0,,0,,,,0,,0,,,0,0,,,,,,,0,,,,0,,,,,,,0,1,,,,,0,0,,0,,0,,,0,,,,,,,0,0,0,,0,,0,,,,0,,0,0,0,0,,,,,,,,,,0,,,0,,,,,0,,0,,0,,0,,,,0,,0,,,0,,0,,0,,0,0,0,,,,,,0,0,,0,,0,0,,0,,,,0,,,,0,0,,,,,,,0,0,,0,,,0,,,,,,,,0,0,,,,,1,,0,,,,,0,,,,0,,,0,,,,,,0,,,,,0,,,0,0,0,,,,
Cloxacillin,,,,,,0,0,,,,,,,,,,,,,,,,,,0,,,,,0,,0,,,,,0,,,,,,,0,,,,,,,,,,,,,,,,,,,0,,,,,,,,,,,,,,,,,,,1,,,,,,0,,,,,,,,0,,,,,,,,,,,,,,,,,,,,,,,,0,,,,,,,,,,1,,,,,,,,,0,,,,,,,,,,,0,0,,,,,,,,,,,,,,,,,,,,,,0,,,,,,,,,,,,,,,,,0,,0,,,,,0,,,0,,,,,,,,,,,,,,,,,,,,,,,,,,,,,,,,,,,,,,,,,,,,,,,,,,,0,,,
Clozapine,0,0,0,,,,,,0,0,,,1,0,,,0,,,,0,,0,,,0,,,0,,,0,,,,0,,,0,,,,0,,,,,,0,,,,,,1,,,,0,0,0,,0,,,,,,,0,0,,0,0,0,0,0,0,,1,,0,0,,,0,0,,,,,,0,0,,,,,,0,,0,,,1,0,,0,,,,,,,0,,,,,,,0,,,,,0,,0,,,0,,0,,0,,,,,,,,,,,,,,,0,,,,0,,,,,,,,,0,,0,0,,,0,,0,,,,,,,0,0,,,,,,,,,,,,,0,0,0,,,,0,0,0,,,0,,,0,,,1,0,,,0,0,,,,,0,,0,0,0,,,,,,,1,,,,,,,,,,,,,,,,,,,,,0,0,0
Colchicine,,0,,,,,0,,,,,,,,,,,,,,,,,,0,0,,,,,,0,,0,,1,1,0,,,,,0,,,,,0,,,1,,,,,0,,,,,,0,,,,,,0,,,,,,0,,,,,,,,0,,,,0,,,,,,,,,,,,,,,,,,,,,0,,,,,,0,0,0,,,0,,,,,,,,,,,,,,,,,,,0,,,,,,,,,,0,,,0,,,,1,,,0,,,,1,,,0,,,0,0,0,,,,,,,,,,,,,,,,,,,,,,,,,,,,,,,,,,,,,,,,,,,,,,,,1,,,,,,,0,,,,,,,0,,,,0,,0,,,0,,,,,,,,,,0,,,,
cyclobenzaprine,,0,0,0,,0,,,0,0,,0,,,,,,0,,0,,,,,0,0,,0,0,0,,,,0,0,,0,,0,0,,,0,0,,,,1,,,,0,,,0,0,,,,,,0,,,,,,,,,,,,0,,0,,,0,,,0,,,0,0,,,,,,,0,,,,,,0,0,0,0,,0,,,0,,,,,0,0,0,0,,,0,,,,,0,0,,0,0,0,0,,,,,0,,,0,0,0,,,,,,,,0,0,1,0,0,,0,,,,,,,0,,,0,,,0,0,,,,0,,,,0,,,,,,0,,,0,0,,0,0,,,,0,,,,,0,,,0,0,,0,,,0,,,,,0,,,,0,,,,,0,,0,,,,,,,,,0,,,0,0,0,,,,,0,,,,0,0,,,,0,,,,
Cyclopentolate,,,,,,,,,,,,,,,,,,0,,0,,,,,,,,,,,,,,,,,,,,,,,,,,,0,,,,,,,,,0,,,,0,,,,,0,,,,,,,,,,,,,,0,,,0,,,,,,,,,,,,,,,,,,,,,,,,,0,,,,,,,,,,,,,,,,,,,,,,,,,,,,,,0,,,,,,,,,,,,,0,,,0,,,,,,,,,0,,,,,,,,,,,0,,,0,,,,,,,,,,,,0,,0,,,,,,,,,,,,,0,,1,,,,,,,,,,0,,,,,0,,,,,,,,,,,,,,0,,,1,,,,,,,,,,,,,,,,,
Cyproheptadine,,,,,,,,,,,,,,,,,0,,,,,,,,0,1,0,,,1,,,,,,,,,,,,,,,0,,1,,,0,,,0,0,,1,,,,,,0,,,0,,,,,,,,0,,0,,1,,,,,,,,,,,,,,,,,,,,0,,,,0,0,1,0,,,0,,,,,,0,,,,,,0,0,,,,,,,1,,,,,,,0,,,0,0,,0,,,,,,,,,0,,0,,,,,,,,,,,,,,,,,,,,,,0,,,,,,,,,,,0,0,,,1,,,,,,,,,,,,,,,,,,,,,,,,,,,,,,,,0,,,,,,1,,,,,,,,,,,,,,,,,,,,0,,,,,,,0,
Dacarbazine,0,0,,,,0,,,,,,,,,,,,,0,,,0,,,,0,,,,,,,,,,,,,0,,,,0,,0,,,0,,,,,,,,,,,,1,0,,,,,,,,,,,,,,,,,,,,,0,,,,0,,,,,,,,,1,,,,,,0,,,0,,,,,,,,,,,,,0,,,,0,,0,,,0,,0,,,,,,,,,,,,,,,,,,,0,0,,,0,,,,1,,,,,,,,,,,,,,,,0,,,,,,,,1,,,,,,,,0,0,,0,,,,,,,,,,,,,0,,,,,,,,,,,0,,,,,,,,,,,,,1,,,,,,,0,0,,,,,,,,,,,,,,,,,,,
Danazol,,,,,,,0,,,,,,,,,,,,,0,,,0,1,0,,0,,,,,0,,0,,,,,,,,,,,,,,,,,,,,,,,,,,1,,,,,,,,0,,,,,,,0,,,,,,,0,,,,0,,,,,,,,,,,,,,,,,,,,,,,,,,,,,,0,,,,,,,,,,,,,,,,,1,,,,,,0,,,,,,,,,,0,,,,,,,,,,,,,,,,,,,,0,,,,,,,,,,,,,,,,,1,,,,,,,,,,,,,,,,,,0,,,,,,,1,,,0,,,,,,,,0,,0,,,,,,,,,,,,,,,,,,,,,0,,,,,,,,,
Dantrolene,,,0,,,,,,0,,,,,,,,,,,,,,0,,,,,,,,,0,,,,,,,,,,,,0,,,,,,,,,,,,,,,,,,,,,,,,,,,,,,1,,0,,,,1,,,,1,,,,0,,,,,,,,0,0,,,,,,,0,,,,,,,,,,,,0,0,,,,,,,,,,,,,,,0,,,,,0,0,,0,,,0,,,,,,,,,,,,,,,,,,,,,,,0,,0,,,,,0,,,,,,,,,,,,0,,,,,,,,,,,,,,,0,0,,,0,,,,,,,,,,,,,,,,,,,,,,,,,,,,,,,,,,,,,,,,,,0,,1,1,,,,,
Dapsone,,,0,1,0,,0,,,,,0,,,,,,0,,0,0,,,,0,0,,,,,0,,,,,,,,,,,,,0,0,,,,,,,,0,,,,,,,1,0,,,,,,,,0,0,,,,,,,,,0,,,0,,,,0,,0,,,,,,,,,,,,0,,0,0,,,0,0,,0,0,,,,0,0,,,,,,0,,,,,,,0,,,,,,,,,,,1,0,,,,,,,0,,,0,,,,,0,,0,,,,0,0,0,,,0,,0,0,,,,0,,0,,,0,0,,0,,,,,,0,,,0,,,,,,,,,,0,,,0,,,0,,,,,,,1,,,,,,1,0,,0,0,,0,1,,,,,0,,,,,,,,,,,,,,,,,,,,0,0,,
Daunorubicin,,0,0,,,,0,,,0,0,,,,,,,,,,,,,,,0,,,,,,0,,,,,,0,,,,,,,,0,,,0,,,,0,,,0,,,1,,,,,,,,1,,,,,,,0,0,,,,,,,,,,,0,,1,,,,,0,,,0,,,,,0,,,,,,0,,,,,,,,,,0,,,,,,,,0,,,,,,,,,,,,,,,,,,,,,,,0,,,,,,,0,0,,,,,,,,,,0,0,0,,,,,0,,,,,,,,,,,,,,,0,,,,0,,,,,,,,0,,,,,,,,,,,,,,1,1,,,,0,0,,,,1,,,,,,,,,,,,,,,,0,,,,,,,,,,0,,,,
decitabine,,,,,,0,,,,,,,,,,,,,,,,,,,,,,,,,,,,,,,,,1,,,,,,,,,,,,,,,,,,,,,1,,,,,,,,,,1,1,,,,,,,,,,,0,,,,,,,,,,,,1,1,,,,,0,,,,,,0,0,,,,,,,,,,,0,0,,,,,,,,,,,,,1,,,,,,,,,,,,,,,,1,,,,,,,,,,,,,,,,0,,,,,,,,,,,,0,,,,,,,,,,,,,,,,,,,,,0,,,0,,,,,,,,,,,,,,1,,,,,,1,,1,,,,,1,,,,,,,,,,,,,,,,,,1,,,,,0,,,,
Deferoxamine,,0,0,,,,,0,,,,,,,,,1,0,1,,,0,,,,0,,,,,,,,,0,,,,0,,,,0,0,,,,0,,,,,,,,,,,,1,,0,,,,,,,,,,,,1,,,,,0,,,0,,,,,,,,,,,,,,0,,,,0,,,,,,,0,,,,,,,,,,0,,,0,0,,,,,,,0,,,,,,,,,,,0,,,,1,,,,,,,,,,,,,,0,,1,0,,,0,,,0,0,0,,0,,,,,,0,,,,,,,,,,,0,0,,,,,,,,,,,,,,,,,,,,,,,,,,1,,,,,0,,,,,,,,,,,,,,,,,,,,,,,,,,,,,,,,,,,
Desipramine,,0,,,,,,,1,,,,,,,,,,,0,,,,,0,,,1,,,,0,,,,,,,,,,,,,,,,0,,1,,,1,,,,,,,,,,,,,1,,,,,,,,,0,,1,,,,,,,,,,,,,,,,0,1,,,1,,,,,,,,,,0,,,,,,,,,,,0,,,,,,,,,,,,,,,,,,,,0,,,,,,,,,0,,,,,,,,,,,,,,,,,,,,,,,,,,,,,,,,,,,,,,,,,,,,,,,,,,1,0,,,,,,,,,,,,,,,,,,,,,,,,,,,,,,,,,1,,,0,,,,,,,,,,,0,,,,,,,,,
Dexamethasone,,0,0,,,,1,,,,,1,,,1,,,,,,,0,0,0,0,0,,,,,0,,,,,,,,,1,,,0,0,0,,,0,0,,,,,,,,0,1,1,1,,0,,1,,,1,,1,,,,,,,,,,,,,0,0,,,,,,,,,,0,1,,,0,,,,1,,0,,,,1,,,,,,,,0,0,0,,,,,0,,,0,,0,1,,1,,1,,,,,1,,1,,,,0,,,0,0,0,,1,0,,,,1,1,,,,,,,1,,,0,,,,0,,,,,,0,,,0,,,,1,,,,1,0,,,,,,,,,,,,0,1,,1,,,,,,,,,,,1,,,,,,1,,1,,,0,,0,,,,,,,0,,,,,,,,,,,1,,,1,,,,,0,
Dextromethorphan,,,,,,,,,,,,,,,,,,,,,,0,,,0,0,,,,,,,,,,,,0,0,0,1,,0,,,,,,,,,,,,,,,0,,,0,,0,,,,,,,,0,,0,,,,,,,,,,,,,,,,,,,,,,0,,0,,,1,,,,,,,,,,,,,1,,,,0,,0,,,,,,,0,,,,,,,,,,,0,,,,,,0,,,,,,0,,,,,,,,,,,,,,,0,,0,,,0,,,,,,,,,,,,,,,,0,,,,,,,,,,,,,,,,,,,,,,,,,,,,,,0,,,0,,,,,,,,,,,,,,,,,,,0,,,,1,,,,,1,,,,,,,,
Diclofenac,,0,0,,,0,0,,,0,,,,,,,,,,,,0,,0,0,,,,0,,,0,,,,1,1,,,,0,,0,,,,,,1,,,,,,0,0,,,,0,,,,,,,,,,,1,,,,,,,,,,,0,,,,,,,,,,,0,1,,,0,,,0,0,0,,,,,,,,,,,0,,0,0,0,,0,0,0,0,1,,,,,,0,,,,0,,,,0,,,,,,0,,,,0,,0,,0,,,1,,,,,,,1,,,0,,0,,0,,,,,,,,,,,,,,,,,,,,,,,,,,,,,,,,0,,,,0,,1,,,,,,,,,0,,,,,,,,0,,,,,,,,0,,,,,,,,,,,,,0,,,,,,,,,,
Diethylstilbestrol,,0,,,,,,,,,,,,,,,,,,,1,0,,0,,,,,,,,,,,,,,,,,,,,,,,,,,,,,,,,,,,,,,,,,,,,,,,,,,,,,,,,,,,,,,,,,,,,,,,,,,,,,,,,,,,,,,,,,,,,0,1,,,,,,,,,,,,,,1,,,,,,,,,,,,,,,,,,,,,,,,,,,,,,,,,,,,,,,,,,,,,,,,,,,,,,0,,,,,,,0,,,,,,,,,,,,,,,,,,,,,,,,,,,,,,,,0,,,,,,,,,,0,,,,,,,,,,,,,,,,,,,,
Digoxin,,0,0,,,,0,,0,,,0,,,,,,,,,,,0,0,,,,,0,,,0,,,,0,,0,,,,,0,0,,,,,,0,,,,,,0,0,,,,,,,,,,,,,,,,,1,1,,,,,,,0,,,,0,,,,,,,,,,0,,,,,,,,,0,,,,,,,0,0,0,,,0,0,,,,,,,,,0,,,,,,,,,,,,0,,,,,,0,,,,,,0,0,,,,,,,,,,,,,,0,0,0,0,,,,,,,,,,,,,,,,,,,1,,,,0,0,,,,,,,0,,,,,,0,,,,,,,,,,,,0,0,,,,,,,,,,,,,,,,,,,,,,,,,,,,,0,,,,,,
Diltiazem,,0,,,,0,0,,,,,,,,1,,,,,,,,0,,,0,,1,0,,,0,0,1,0,0,,,0,,,,1,0,0,,,0,,,,,,,0,0,0,,0,1,,0,,,,,,1,,,,,,1,,1,,,0,,,,0,,,0,,,,,,0,0,,,,,,0,0,0,,,0,,,0,,,,,,0,,,,,0,,,,,,,,,,,,,,,,,,,0,0,,,,,,,,,0,,0,1,,,0,,,,,,,0,0,,,,,0,0,0,,,,,,,0,,,,,,,,,,0,,,1,0,,,,1,,,,,,,0,,,0,,,,,,,,,,,,,,,,,,,,,,,,,0,,,,0,,,,,,,,,,,,0,,,,,,,0,,,
Dinoprostone,,,,,,,,,,,,,,,,,,,,,,0,,,,,,,,,,1,,,,,,,,,,,,,,,,,,,,,,,,,,,,,,,,,,,,,0,,,,,0,,,,,,,,,,0,,,,,,,,,,,,,,,,,,,,,,,,,,,,,,,,,,,,,,,,,,,,,,,,,,,,,,1,,,,,,,,,,,,,,,1,,,,,,,,,,,,,,,,,,,,,,,,,,,,,,,,,,0,,,,,,,,,,,,,,,,,,,,,,,,,,,,,,,,,,,,,,,,,,,,,,,,,,,,,,,,,,,,,,,,,,,
Diphenhydramine,,0,0,,,,0,,,,,,0,1,,,,0,,0,,0,,0,0,,,,,,,,,0,,,,,,,,1,,,0,,,0,,0,,0,,,,,0,,,,,0,,,0,,,,,,,,,0,0,,1,,0,1,,0,,,,0,,,,,,,0,,,,0,,,0,,0,,0,,,,,0,,,,,,0,,0,0,1,0,,1,,0,,,,,,,,1,,,,,,,,0,,,,,,1,0,,,0,,,,,0,,,,,,,,,0,,0,,1,,0,,,,,,0,0,,,,,,,,,,1,,0,,,0,,,,,,,,,0,,,,,,,1,,,,,,,,,,,0,,,,,,,,1,,,,,,,1,,,,,,,,,,0,,0,,0,,,,,,
Dipyridamole,,,1,,,,0,,,,,,,,,,,,1,,,,,,0,,,,,,,,,,,,,,0,,,,,,0,,,,0,0,,,,,,,,,,,,,,,,,,0,,,,,,,1,,,,,,,,,,,0,,,,,,,,,,,0,,0,,,,,,,,,,,,,,,,0,,,,,,,0,,,,,0,0,,,,,,,,,,0,0,0,,,,,,,,,,,,,,,,,1,,0,,0,,,,,,1,1,,,,,,,,,,,,,,,,,,,,1,,,,1,,,,,,,,0,,,,,,,,0,,,,,,,,,,,,,,,,,,,,0,,,,,,,,,,,,,,,,,,,,,,,,,,
Disopyramide,,,,,,,0,,,,,,,0,,,,,,,,,,,0,,,,,,,0,,,,,,,,,,,1,,,,,,,,,,,,,0,,,,,,,,,,,,,,,,,,,,1,,,0,,,,,,,,,,,,,,,,,,0,,,,,,,,0,,,,,,,,,,,,0,,,,,,,,,0,,0,,,,,,,,,,,,,,,0,,,,,,,,,,,,,,,,,,,,,,,,,0,,,,,,,,,,,,,,,,,,,,,,,,,,,,,,,,,,,,,0,,,,,,,,,,,,,0,,,,,,,,,,,,,,,,,,,,,,,,0,,0,,,,,,,,0,,
Disulfiram,,,0,0,1,,,,,,,0,,,,,1,,,0,,,,,,,,,,,,,,,,,,,,0,,,,,,,,,,0,,,,,,,0,,,1,,,,,0,,,,,1,1,,,,,,,,1,,,,0,,,,,,,,,,,,,0,0,,,,,,,0,,,,,,,,,,,,,,,,,,,,,,,,,,,,,,,,,0,,,,,,,,,,0,,,0,,,0,,,,,,,,,,,,,0,,,,,,0,,,,,,,,,,,,,,0,,,,,,,,,,,,,,,,,,,,,,,,,,,,,0,,,,,,,,,,,,1,,,,,,,,,,,,,,,,,,,,,0,,,,,,
Dobutamine,,,1,,,,0,,,,,,,,,,,,,,,,,,,0,,,,,0,0,,,,,,0,,,,,0,0,,,,,,,,,,,,0,,,,,,,,,,,,,,,,1,,1,1,1,,,,,,,,,,,,0,,,,,,,,,0,,0,,,,,,0,,,,,,,0,,,,,0,,,,,0,,,,,,,,,,,,,,,,,,,,,,,,,,,,,,,,,,,,,,,,,,0,,0,0,0,1,,,,,,,,,,,,,,,,,,,,,,,0,,,,,,,,,,,0,,,,,,,,,,,,0,,,,,,,,,,,,,,,,,,,,,,,,,,,,,,,,,,,,,,,
Domperidone,,,,,,,0,,,,,,,,,,,,,,,,,,0,,,,,,,,0,,,,,,0,,,,,,,,,0,,0,,,,,,,,,,,,,0,,,,,,,,,,,,0,,,,,,,,,,,,,0,,,,,,,,,0,,,0,,0,,,,,,,,,,,,,,,,,,,,0,0,1,,0,,0,,,,,,,,,0,,,,,,,,,,,,,,1,,,,,,,,,,,,,,,,,,,,,,,,,,,,,,,,,,,,,,,,,,,,,,,,,,,,,,,,,,,,,,,,,,,,,,,,,,,,,,,,,,,1,,,,,,,,,,0,,,,,,,,,,
Dopamine,,,0,,,,1,,,,,,,,,,,,,,,0,,,,0,,,,,,,,0,,,,0,,,0,,,,,,,,0,,,,,,,0,,,,,,,0,0,,,,,,,,1,0,0,,,,,,,,,,,,0,,,,,,,,,,0,0,,,,,,,,0,,,,,,,,,,,0,0,,,,,0,,,,0,,,,,,,,,,,,,,,,,,,,,,,,,,,,,,,,,,,,,,,,1,1,1,,,,,0,,,,,,,,,,,,,,,0,,,,0,,,,,,,,,,,,,,,,,,,,,,,,,,,,,,,,,,,,,,,,,,,,,,,,,,,,0,,,,,,,,,,
Doxazosin,,,0,,,,0,,0,0,,,,,1,,,,,,0,,,,0,,,,,0,,0,0,0,,,,,,,,,0,0,,,,,,,,,,,,0,,,,,,,,,,,,,,,,,1,,0,,,,,,,,0,,,,,,,,,,,,,0,0,,0,0,,,,0,,,,,1,,,,,,0,,0,0,,,0,0,,,,0,,0,0,,,,,,,,,,,,,,0,,,,0,,,,0,,,,,,,,,,,,,,,0,0,,,,,,,,,,0,,,,,0,,,,,,1,,,,0,0,,,,0,,,0,,1,,,,0,,,,,1,,,,,,,0,,,,,,0,,,,,,,0,,,,,,,,,0,,,,,,,,,,,,,,
Doxepin,,0,0,0,,0,,,,0,,,0,,,,,,,0,,,0,,,0,,1,,,,,,,0,,,,0,0,,,,,,,,0,,,,1,0,,,,0,,0,0,,0,0,,,,,,,,,,,0,,,,,,,,0,,,,0,,,,,,,,,,0,0,,0,0,0,,,0,,,0,,0,,,,0,0,,0,,0,,0,,0,,0,,0,,,0,,,,0,,,,0,,,,,,,,0,,0,0,0,0,0,,,,,,,,,0,,,,,,0,,,0,0,,,0,,0,,,,0,,,0,,,,0,,0,,,,,,,,,,,1,,,,0,,,,,,,,,,,,,0,,,,0,,,,,,,,,,,1,,,0,,,0,,,,0,,,0,,0,,0,,0,,,,
Doxorubicin,,0,,,,,,,,0,,,,,,,,0,,,0,,,,0,0,,,,,,,,0,0,,,0,0,,,,,,0,,,0,0,,,,,,,,0,,1,,,0,,,0,,1,,,1,,,,0,,,,,0,,,0,,,,,,1,,,,,0,1,1,0,,,,0,,,,0,,,0,,,,,,,,0,0,,,,,,,0,,,,,0,0,,,1,,,,,,0,0,,,,,,,,0,0,0,,,,,,1,,,,,0,,,,,,0,,,,,,,,,,0,0,,1,,,,,,,,,0,,,,,,,,,,,,0,,,0,0,,0,,,,,0,,,0,0,,,,,1,,1,1,1,1,,1,,,,,1,,0,,,,,,0,0,,,,1,0,,,,,,,,
Doxycycline,,0,0,1,,0,0,0,,,,,,,,,,0,,0,,,1,0,0,0,,,,0,,,0,0,0,,,0,,0,,,,,0,,,0,0,,,0,,0,,,,,,,,1,,,0,,,,,,,,1,0,0,,,,0,0,,0,,,,0,,,,,,,0,,,,,0,,0,,,,0,,,0,,,,,0,0,,0,,,0,,0,,,,0,,0,0,0,0,1,,,,0,,,0,,0,,,,,,,,0,0,0,,,,,,,,,,0,,,,0,,0,0,0,,0,,0,,0,,0,0,0,,,,,,,,0,,0,0,,,,0,,,,,,,,0,0,,0,0,,,,,,,0,,,,0,,,,,0,,1,,,,1,,,,,,,,0,,,,,,,0,,,,0,,,,,0,0,,,
Droperidol,,,,,,,0,,,,,,,,,,,,0,,,,,,,0,,,,,0,,,,,,,,,,,,0,,,,,0,,0,,,,,,,,,,,,,,,,,,,,,,,,0,,,,,,0,,,,,,,,,,,,,,,,,,,,,,,,,,,0,,,,,,0,,,,,,,,,0,,,0,,,,,,,,,,,,,0,,,,,0,,,,,,0,,,,,,,,,,,,,,0,,1,,0,,,,,,,,0,0,,,,,,1,,,0,,,0,,,,,,,,,,,,,,,0,,,0,,,,,,,,,,,,,,,,,,,,,,,,,,,,1,,,,,,,,,,0,,,,,,,,,,
Enalapril,,0,,,,,0,,,,,,,,,,,,,,,0,,0,,,,,,0,,0,,,,,,,,0,1,,,,,,,0,,,,,,,0,0,,,,,,0,0,,,,,,,,,,1,1,1,,,,,,,,,,,0,,,,,,,,,0,,0,,,,,,,,,,0,,,,,1,1,,0,1,,,,,,,,0,,,,,0,,,,,,,,,,,,,,,,,,,,,1,,,,,,,,1,1,,,,,,,,1,1,,,,,,,,,,,,,,,,,0,,,0,1,,,1,1,1,,,,,,,,,,,,,,,,,,,0,,,,,,,,,,,,,,,,,,,,,,,,,,,,,,,1,,,,,,,0,,,
Erythromycin,,0,0,1,,,0,,,0,,0,,,,,,,,,,,,,0,0,,,0,0,,,,0,0,,,0,0,,,,,0,0,,0,0,0,,,0,0,,,,,0,,,,0,,,,,,,,,,,,,0,0,,,0,,,0,,,,0,,1,0,,0,,0,,,0,0,0,,0,,0,,0,,,0,,,,,,0,0,0,,,,,0,0,,,1,0,0,,,,,,,,,,,,,,0,,0,0,,0,,0,,,,0,,0,,,,,,0,,,,,,,,,0,0,,0,,0,,0,0,,,,,0,,,0,,,0,0,,,,0,0,0,,,,,,,0,,0,,,0,,,,0,0,,,,,,,,,,,0,,,,,0,,,,,,,,,,,,,,,,,,,,,0,0,0,0,,0,
Estradiol,,0,,,,,,,0,,,,,,,0,,1,,1,,,,,,,,0,0,,,0,0,0,0,,,,0,,1,,,,,,,0,0,,,0,,,,,,1,,0,,0,,,0,0,,,,,,,,,,,,,0,,,,,,,0,,,,,,,0,,,,,0,0,0,,0,,,,,1,,,,,1,0,,0,,1,0,,0,,,0,0,,1,0,,,,0,,0,,,,,,,,,,0,,,,0,0,0,,0,0,0,,,,,,,,0,,,0,,,,,0,,,,,1,0,0,,,,,,0,,,0,,0,0,,,,,,,,,0,,,,0,,0,,,0,,,,,0,,,0,,,,,,,,,,,,,,,,,0,,,0,,,,,,0,,,,,,,0,0,,0,,,,
Ethambutol,,0,0,,0,,0,,,,,,,,,,,,,,,,,,0,,,,,,,,,,,,,0,,0,,,,,,,,,,,,,,,,,0,,,,0,,,,,,,,,,,,,,,,,0,,,,,,,,,,0,,,,0,0,,,,,,,0,,,,,,,0,,,,,,,,,,,,,0,,0,,,,,,,0,,,,,,,,,,,,,,,,,,,,,0,,,,,,,0,,,,,,0,,,,,,0,,,,0,,0,0,,0,0,,0,,,,,,,,,,,0,,,,,,,,,,,,,0,,,,,,,,,,,,,,,0,,0,,,,0,,,,,,,,,,,,,,0,,,,,,,,,,,,,,
Ethosuximide,,,,,,,,,,,,,,,,,,,,,,,,0,,0,,,,,,,,,,,,,,,,,,,,,,,,,,0,,,,0,,,,,,,,,,,,,,,,,,,,,,,,,0,,,,,,,,,,,,,,,,0,,,,,,,,,,,,,,,,,,,,,,,,,,,,,,,,,,,,,,,,1,,,,,,,,,,0,,,,,,,,,,,,,,,,,,,,,,,,,,,,,,0,,,,,,,,,,,,,,,,,,,,,,,,,,,,,,,,,,,,,,,,,,,,,,,,,,,,,,,,,0,,,,,,,,,,,,,,,,,,,,
Etodolac,,0,,0,,,0,,0,,,,,,,0,0,0,,,,0,,,0,,,,,,,,,0,0,,0,0,0,0,,,0,,0,,,1,1,,,,,,0,,,,,,,0,,,,,,,,,,,,,,,,,,,,0,,,,0,,,,,,,0,1,1,,0,,0,0,,,,,,,0,,,,,,,,,0,0,,0,,0,,,0,,0,0,0,,,0,,0,,,,,0,0,0,,,,,,,0,0,0,0,0,,,,,,,,,0,0,,,0,,,,,,,,,,,0,0,,,0,,0,,,,,,,0,,,,,0,,,,,,,0,,,0,,,,,,,,,,,,,,,,,0,,0,,,,,0,,,,,,,,,,,,,0,,,,,0,,,0,,0,,,,
Etomidate,,0,0,,,,0,,,,,0,,,,,,0,,,,0,0,,,0,,,,,,,,,,,,,,,,,,,,,,0,,,,,,,,0,,,,,,,0,,0,,,,,,,,,,,,,,,1,,,,,,0,,,,,,,,,,0,,,,0,,,,0,,,0,0,,,,,,,,,0,,,0,,,,,,0,,,,,,,,,,,,0,,,,,,,,,0,,,,,,,,,,,,,,,,,0,,0,,,,,,,,,,,,,,,0,,,,,,,0,,,,0,,,,,,,,0,,,0,,,,,,,,,,,,0,,,,,0,,,,,,,,,,,,,,,,,,,,,,,,,,,,,,0,,,,
Etoposide,0,,,,,,0,,1,,0,,,,,,,,,,,,,,,0,,,,,0,,0,,,,,0,,,,,0,,,,,,0,,,,0,,,,,,1,1,,,,,,,1,,0,1,1,,,0,,,,,,,,,,,,,,0,,,,,0,,1,0,,,,,,,,,,,0,,,,,,,,,0,,,,,,0,0,,,,,,,,,,,,,0,0,,,,,,,,,,,,,,,,,,0,1,,,,,,0,,,,,,,,,,,0,,1,0,,,1,,0,,,,,,,,,,,,,,,,,,,0,,,,,,,,,,,,,,0,0,,,,,1,,1,1,1,1,,,,,,,1,,,,,,,,,,,,,1,,,,,,,,,
Famotidine,,1,0,,,,0,,0,1,,0,,0,,,,,,0,,0,,,0,0,,,,0,0,,,,,,,0,,,,,,0,0,,,,,,,,0,,,0,,,,1,0,,,,,,,0,0,1,0,,0,,,,,,,,,,,,,0,,0,0,,,,,,1,,0,,,,,,,0,0,,,,,0,,0,0,,0,,0,0,0,0,1,0,,0,,0,0,,0,,,,,,,,,,0,0,,,1,,,,0,0,,,0,,0,,,,,,,,,,0,,,0,,1,,,,,,,,0,0,,0,,,,,,0,,,0,,,,0,0,,,,,,,0,,,0,0,,,1,0,,,,,,,,,,,,1,,0,,,,,1,,,,,,,,,,,,,,,,,,,0,0,,,,,,,
Felodipine,,0,,,,,0,,,,,,,,,,,,,,,,,0,,,,,,0,,,0,1,,,,,,,,,,,,,,,,,,,,,,,,,,0,,,,,,,,,,,,,,,,,,,,,,0,,,,0,,,,,,,,,,,,,,,,,,,,,0,,0,,,,0,,,,,0,,0,,,,,,,,,0,,,,,,,,,0,,,,,,,,,,,,1,,,,,,,0,,,,0,,,,0,,,1,,,,,,,,0,,,0,,,,,,,,,1,0,,,,1,,,,,,,,,,0,,,,,,,,,,,,,,,,,,,0,,,,,,,,,,,,,,,,,,,,,,,,,,,,0,0,,,
Fenofibrate,,0,0,,,,0,,0,,,,,,,,,,,0,,,,,0,0,,,,0,,0,,0,,,,,,,,,,0,0,,,0,,,,,,,,,,,,,0,,,,0,0,,,,,,,,,,,,,,,,0,,,,0,,0,0,,,,0,,,,,,,,,,,,,,,,,,,,0,1,0,,,0,,,,,,0,,0,0,,,,0,1,,,,,0,,0,,,,0,,0,,0,1,0,,,,,0,,,,,,,1,0,,,,,,,,,,,,0,,,,,,,,,0,,0,,,0,0,,,,,,,,,,,,,0,,,,,0,,,,,,,,,,,,,,,,,,,,,,,,0,,,,,,,,,,,,,0,,,,,,0,0,,,
Fenoterol,,0,,,,,,,,,,,,,,,,,,,,0,,,0,,,,,,0,0,,,,,,,1,,,,,,,,,0,,,,,,,,,,,,,,0,0,,,,,,,,,,,,,,,,0,,,,,,,,,,,,,,,,,0,,,,0,,,,,,,,,,,,,,,,,,,,0,,,,,,0,,,0,,,,,,,,0,,,,,,,,,,0,,,,,,,,,,,,,,,,,,,,,1,,,,,,,,,,,,,,,,,,,,0,,,,,,,,,,,,0,,,,,,,,,,,0,,,,,,,,,,,,,,,,,,,,,,,,,,,,,,,,,0,,,,,,,,,,
Finasteride,,,,0,,0,,,,,,,,0,,,0,1,,,,,,,,0,,,0,0,0,0,,0,0,,,,,,,,,,0,,,0,,,,0,0,,,,0,,,,,,,,,,,,,,,,,,,,,,,,,,,,,0,,,,,,,,,,,,,0,0,,,,,,,,,,,,,,0,,,,0,,,0,,,,,,,,,,,,,,,,0,,,,,,,,,,0,,,0,,,0,,,,,,,,,,,,,,,,,,,,,,,,0,,,,,,,,,,,0,,,,,,,,,,,,,,,,,,,,0,,,,,,,,,,,,0,,,,,,,,,,,,,,,,,,,,,,,,,,,,,,,,,,
Flavoxate,,0,0,,,0,0,,,0,,,,,,,,,,,,,0,,0,,,,,,,,,,,,,0,,,,,,,,,,,,,,,,,,,,,,,,,,,,,,,,,0,,,,,,,,,,,0,,,,,,0,,,,,,,,0,0,,,,,,,,,,,,,,,,0,,,,,,0,,,,,,,,,,,,,,,,,,0,,,,0,0,,,,,,,,,,,,,,,,,,,,,,,,,,0,,,,,,,,,,,,,,,,,,,,,,0,,,,,,,,,,,,,,,,,,,,,,,,,,,,,,,,,,,,,,,,,0,,,,,,,,,,,,,,,,,,,,,,,
Flecainide,,,0,,,,0,,,,,,,,,,,,,,,,,0,,,,,,0,,0,,,,,,0,,,,,0,0,,,,,,,,,,,,0,,,,,,0,,,,,,,,,,,,,,,,,0,,,,,,,,,0,,,,,,,,,,,,,,,,,,,,,,,,,,,0,,,0,,0,,,,0,,,,,,,,,,,,,,,,,,,,,,,,,,,,,,,,,,,,,,,,0,,,,,0,,,,,,,,0,,,,,,,,,,,0,,,,,,,,,,,,,,,,,,,,,,,,,,,0,,,,,,,,,,,,,,,,,,,,,,,,,,,,,,,,,,,,1,,,
Floxacillin,,,0,,,,0,,,,,,,,,,,,,,,,,,,,,,,,,,,,,,,,,0,,,,,,,,,1,,,,,,,,0,,,,,,0,,,,,,,,,,,,,,,,,,,0,,,,,,,,,,,0,,,,,,,,,,,,,,,,,,,,,,,,,,,,,,,,,,,,,1,,,,,,,,,0,,,,,,,,,,,,,,,,,,,,,,,,,,,,,,0,,,,,,,,,,,,,,,,,,,,,,,,,,,,,,,0,,,,,,,,,,,,,,,,,,,,,,,,,,,,,,,,,,,,,,,,,,,,0,,,,,,0,,,,
Flucytosine,,,0,,,,,,0,,,,,,,,,,,,,,,,,0,,,,,,,,,,,,,,,,,,,,,,,,,,,0,,,,,,,,,,,,,,,,,,,,,,,,,,,,,,,,,0,,,,,,,,,,,,,,,,,,,,,,,,,,,,,,,0,,,,,,,,,,,,,,,,,,,,,,,,,,,,,,,,,,,,,,1,,,,,,,,,,,,,,,,,,,,,,,,,,0,,,,,,,,,,,,,,,,,,,,,,,,,,,,,,,,,,,,,,,,,,,,,,,,,,,,,,,,,,,,,,,,,,,,,,,,,
Fludrocortisone,,0,0,,,,,1,,,,0,,,,,,,,0,,,,,0,0,,0,,0,0,,0,,,,,0,0,,,0,0,,0,,,0,0,,,,,0,,,,,,,,0,,,,,,,,,,,0,0,,,,,0,,,0,,,,0,,,,,,,,,,0,,,,0,,,,0,0,,0,,0,,,,0,,0,0,0,1,,,,,,0,,0,,,0,,,,,,,,0,0,0,,,,,,,,0,0,,0,,0,,,,,,,0,,,0,,,,0,0,0,0,0,0,,,,0,0,,,,,,,,,,,,0,0,,,0,0,,,,,0,,0,,,0,,,,0,,,,,,,,0,,,,,0,0,,,,,,,,,,0,,,0,,,,,,,,,,0,0,0,,0,,0,,0,,
Fluoxetine,,0,,,,,,,0,,,,,,,0,,,,0,,,,,0,0,,,,,1,,0,,0,,,0,0,,,,,,,,1,0,0,0,,0,,,,,,,,,,0,0,,0,1,,,,,,,1,,,,1,1,0,1,,0,,,,0,,,,,,0,0,1,,,,,,0,,,,0,,,0,,,,,,,0,0,,,0,,,,0,,0,,0,,0,,,,,0,,,,1,,,,,,,0,,,0,0,0,0,0,0,,,,,,,,,,0,,,,0,0,,0,,0,,,,0,0,,,0,,0,,,,1,,,0,,,,,,,,,,,,0,,,0,,,,,,,,,,,,,,,,,,,,,,,,,,,,,,,0,,,,,,,0,,,0,,0,,,,,,,,
Flupenthixol,,,0,,,,,,,,,,,,,,,,,0,,,,,,,,,,,,,,,,,,,,0,,,,,,,,,,,,0,0,,,,0,,,,,,,,0,,,,,,,,,0,,,,,,,,,,,,,,,,,,,,,,0,,,,,0,,,0,,,,,,,,0,,,0,0,,,,,,,,,,,,,,,,,,,,,0,0,,,,,,,,,0,0,,,,,,,,,,,,,,,0,,0,0,,0,,,,,,,1,0,0,,,,,,,,0,,,,,,,,,,,,0,,1,,,,,,,,,,,,,,,,0,,,,,,,,,,,,,,,,1,,,,,,,0,,0,0,,,,,,,,0,,0,,,
Fluphenazine,,,,,,,,,,,,,,,,,,,,,,,,0,,,,,,,,0,,0,0,,,,,,,,,,,,,0,,0,,1,,,,,,,,,,,,,,,,,,,,,,,,,,,0,0,,0,,,,,,,,,,,,,,0,,,,0,0,,,,,,,,,,0,,0,0,,,,,0,,,,,,0,0,,,,,,,,,,,,,,,,,,,,,,,,,,,,,,,,,,0,,,,,,0,,,,0,,,,,,,,,,,,,,,,,,0,,,,,,,,,,,,,,,,,,,,,,,,,,,,,,,,,,,,,,,,,,,1,,,,,,,,,,0,,,0,0,,,,0,,,,,
Flurbiprofen,,0,0,,,0,0,,,1,,,,,,,,,,,,,,,0,,,,,,,,,,,,,,,,,,,,,,,,0,,,,,,,,,,,,,0,,,,,,,,,,,,,0,,,,,,,,,,,0,,,,,,,,,,,0,,,,,,,,,,,,,0,,,,,,,0,,0,0,,,,,,,,,,,,,,,,,0,,,,,,,,,,,,0,,,,,,,,,,,,,,,,,,,0,,,0,,,,,,,,,,,,,,,,,0,,1,,,,,,,,,,,0,,0,,,,,,,,,,,,,,,,,,,0,,,,,,,,,,,,,,,1,,,,,,,0,,,,1,,,,,,
Flutamide,,0,0,,,,0,,0,,,,,,,,,,,,,,,,0,,,,0,,,,,0,0,,,,,0,,,0,,,,,0,,,,0,,0,,,,,0,,0,0,0,,,,,,,1,,,,,,,,,0,,,,,,,,,,,,,,0,,,,,,,0,,,,0,,,,,,,,,,,0,,,,,,,0,,0,,,,0,,,,,,,,,,0,,,,,,,,,,,,,,,,,,,,,0,,,,0,,,0,,0,,,,,0,,,,,,,,,,,,,,,,,,,,,,,,,,,0,,,,,,,,,,,,,,,,,,,,,,,,,,,,,,,,,,,,,,,,,,,,,,,,,,0,,,,
fluvastatin,,0,0,,,0,0,,0,0,,,,,,,,,,,0,,,,0,,,,,,,,,,,,,,0,,1,,,,0,,,0,1,,,0,,,0,0,,,,0,,,0,,,,,,,,0,,,1,,,,,0,,,0,,,,0,,,,,,,,,,,0,,,0,,,,0,,,0,0,0,,,,1,0,0,0,,,,,,,0,,,,,,0,,,,,,,,0,,0,,,,,,,,0,0,,,,,,,,,,,0,,,,,0,,,0,1,,1,,,,,,0,,,,,0,,,,,,,0,,,,0,,,,,,,,,,,0,,,0,,,,,,,,,,,,,,,,,,,,,,,,,,,,,,,0,,,,0,,,,1,,,,,0,,,,
Fluvoxamine,,,0,,,0,,,,,,,,,,,,,1,0,,,,,0,,,1,,,,,,,,,,,,,,0,0,,,,1,0,,,,1,,,,0,,,,0,,,,,0,,,0,,,,,,,,,,,,,,0,,,,,,,,,,,,,,,0,,,0,,,,,0,0,,,,,,,,,0,0,0,0,0,,0,,,,,,0,,,,,,,0,,,,,0,,,,,,,,,0,,0,,,,,,,,,,,,,,,,,,,,0,,,0,,,,,,,,,,,,0,,,,,,0,,,,,,,,,,,,,,0,,,,,,0,,,,,,,,,,,,0,,,,,,,,1,,,,,,,,,,1,,,0,,,,,,,,,,
Folic Acid,,0,,,,,0,,,1,,,,,,1,,,,,,,,,,,,0,0,0,,,0,1,0,,1,,,,,,0,,1,,,,0,,,1,,0,,0,,,,1,,,0,,,,,,,,0,,,0,,,,,1,,,0,1,,,,,,,,0,,,,,,,,,0,,0,,,,,,0,,,,,,,0,,,1,,,,,,,,,,,,,,1,,,,,,,,,,,0,,,,0,,,,,,,,,,,,,,,,,,,0,,,,,0,,,,,0,,,,,,,,,,,,,,,,,,,,,,,,,,,0,,,0,,,,,,,,,,,0,,,,,,,,,,1,,,,,,,,,,,,,,,,0,,0,,,0,,0,1,,,
Furosemide,,0,0,,,,0,,,0,,,,,,,,,,,,,,0,0,0,,,,0,,,,,0,,,1,,,0,,,,0,,,0,,,,,,,,0,,,,,,0,1,1,,,,,0,,,,,0,1,,,,,,,0,,,,0,,0,,,,,0,,,0,0,,0,0,0,,,0,0,,,,0,0,,1,0,,0,,,,,,,,,,,0,,,0,0,,,,,,,,,0,,,,0,,,,,0,,,0,,,,,,,,,,,,,,,0,,0,,0,,,,,,0,,,,,1,,1,,,,,1,,0,1,,0,,,,,,,0,,,0,,,,,,,,,,,,0,,,,,,,,,0,,,0,,,,,,,,,,,,,,0,,,,0,,0,,,,,,,
Fusidic Acid,,,,,,0,0,,,,,,,,,,,,,,,,,,,0,,,0,,,,,,,,,,0,,0,,,,,,,,,,,,,,,,,,,,,,,,,,,,,,,,,,,,,,,,,,,,,,,,,,,,,,,,,,,,,1,,,,,,,,,,,,,0,,,,,,,,,,,,,,,1,,,,,,,,,,,,,,,,,,,,,,,,,,,,,,,,,,,,0,,,0,,,,,,,,,,,,,,,,,,,,,,,,,,,,,,,,,,,,,0,,,,,,,,,,,,0,,,,,,,,,,,,,,,,0,,,,,,,,,,,,,,,,0,0,,,
gabapentin,,0,,,,,0,,,0,,,,,,,,0,,0,,,0,0,0,1,,,0,0,,,,0,0,,,,0,1,,,,,0,,,0,0,,,1,0,,,,,,0,,0,0,,,0,,,,,,,,,0,,,,,0,,,0,1,,,0,,0,,,,,,,,,0,,,0,0,,,0,,,0,,,,,1,1,,0,0,,0,,0,,0,,0,,,,,0,,,,,,,1,1,0,,,1,,,1,,,0,0,0,0,,,0,,,,,,,,,,,,,0,0,,0,0,,,0,,,,,,,,,,,,0,,,0,,,,,0,,,,0,,,0,,,0,,,,,0,,,1,,,,0,,,,,,,,,,,,,,,,0,,,1,,,,,0,0,,,,,0,0,,,,0,1,,,
Galantamine,,,,,,,,,,0,,,,,,,,,1,1,,,,,0,0,,,,,0,0,,,,,,,,0,0,,,0,,,1,,,0,,,,,,0,,,,,,,,,,,,,,,,,,,0,,,,,,,,,,,,,,,,,,,,,0,0,,,,0,,,0,0,1,,,,,,,,,,,,0,,,,0,,,,0,0,,,,,,,,,,0,,,,,,,,,0,,0,,,,,,,,,,,,,,,,,,,,,0,,0,,,,,,,,,,0,,,,,,,,,,,,,,,,,,,,,,,,,,,,,1,,,,,,,,,,,,,,,,,,0,,,,,,,,,0,,,,,,,,,,,,,,,,,
Ganciclovir,,0,0,,0,,1,,,,0,,,,,,,,,,,,,0,0,0,,,,,,,,,,,,0,,,,,,,,,,,0,,,,0,,,0,,,,,,,0,,,,,,0,,,,0,,,,,,,,,,,,,,,0,,,0,,,,,,,,,,,,,,,,0,,,,,,,,0,,,,,,,,,,,,,,,0,,,,,,,0,,,,,,,,,,1,,,0,0,,,,,,0,,,,,0,,,,0,,,,0,,,0,,0,0,,0,,,0,,,,,,,0,,,,,0,,,,,,,0,0,,,,0,,,,,,,,,,0,,,0,,0,,0,0,,,,,,,,,,,,,,,,,,,,,,,,,,,,,,,
gefitinib,,,,0,,,,,1,,,,,,,,,0,,,,,,,0,0,,,,,,,,,,,,,,,,,,,,,,,,,,,,,,,,,,1,0,,0,,,,,,,0,1,,,,,,,,,,,,,,,,,,,,,,,1,1,,0,,,0,,,,0,0,,,,,,,,,,0,0,0,,,,,,,,,,,,,,,,,,,,,,,,,,,,,,,,,,,,,,1,,,0,,,,,,,,,,0,,,,,,,,,0,,,,,,,,,,,,,,,1,,1,,,,,,0,,,,,,,1,,,,,,,0,0,,,,0,1,,,,,,,,,,,,1,,,,,,,,,,,,,,,,,,,,,,
Gemfibrozil,,0,0,,,,0,,,,0,,,,,,,,,0,,,,0,,,,,0,,,0,,0,,,,,,,1,,,,0,,,0,,,,0,,,,,,,,,,0,,,0,,,,,,,,,,,0,,,,,,0,,,,0,,,,,,,,,,,,,1,0,,,,0,,,,,,,,0,0,0,0,,,0,0,0,,0,,0,,,,,0,,0,,,,,,,,,,,,0,,,,0,0,,,0,,,,,,0,,,0,,,,,,,,,,,,,,,,,,,,,,,,,0,,,0,,0,,,,,,,,,,,,,,,,,0,,,,,,,,,,,,,0,,,,,,,,,,,,,,,,,,,,,0,,,,,,,,,,,,,
Gliclazide,,,0,,,,0,,,,,,,,,,,,,,,,,,0,,,,,,,,,,,,0,,,,,,,,,,,,,,,,,,,,,,,,,,0,,,,,,,,,,,,,,,,,,,,,,,,,0,,,,,,,,0,0,,,0,,,,,,,,,,,,1,,,,,0,,,,0,,,,,,,0,,,,,,,,,,,,,,,,,,,,,,,,,,,,,,,,,,,0,,,,,0,,,,,,,,,,,,,,,,,,0,,,,,,,0,,,,,,,,,1,,,,,0,,,,,,,,,,,,,,,,0,,,,,,,,,,,,,,,,,,,,,0,,,,,,,,,,
Guanfacine,,0,,,,,0,,,,,,,,,,,,,0,,,,,,,,,0,,,,0,,,,,,0,,,,,,,0,1,,,0,,0,,,,0,,,,,,,,,,,,,,,,,,,,,,,,,,,,,,0,,,,,,,,,,,,,,,0,,,,,,0,,,,,,,,,,0,,,,,0,,,0,0,,,,,,,,,,,,,,,,,,,,,0,0,,,,,,,,,,,,,,,,,,,,,,,,,,,,0,,,,,,,,,0,,,1,,,,,,,,,0,,,,,,,,,,,,,,,,,,,,,,,0,,,,,,,,,,,0,,,,,,,,,,,,,0,0,,,,,,0,,,
Haloperidol,,,0,,,,,,,,,,,0,,1,,,1,,0,,,,,,,,,,0,0,,,,,,0,,1,,,,,,,1,0,,0,,1,,,0,0,,,,,,,,,,,,,,,,,,,,,,,,,,,,,,,,,,,,,0,,0,0,1,,,,,,,0,0,,,,,0,,,0,0,0,0,0,,,,,0,,,,,,,,,,,,,,,0,,,,,,0,,,,,,,,,,,,,,,,,,,,,,,0,,0,,,,,,,1,,,,,,,,,0,0,,,,,,,,,,,,0,,,0,,,,,,,,,,,,,,,,,,,,,,,0,,,,,,,,0,,,0,,,,,,,,,,0,0,,,,,,,,,
Hydralazine,,0,0,,,,0,,,0,,0,,0,1,,,,,,,,,0,0,0,,,,,0,0,,0,,,,0,0,0,,,0,0,,,,,,0,,,,,,0,,,,,,0,,,,,,,,,,,1,0,1,,,,,,0,0,,,,0,,,,,,,0,,,0,,,0,0,0,,,0,,,0,,,,,,0,,0,,0,0,,,0,,,,,,,,0,,,,,,,,,,,,,,,,0,,0,,,,0,,0,,,,,,1,0,0,,,,,0,0,1,,,,,,,,,,,,,,,,,0,,0,1,1,,1,0,0,,,,,,,0,,,,0,,,,,,,,,,,,,,,,,,,,,,,,,,,0,,,,,,,,,0,,,,0,0,,,,,,0,0,,
Hydrochlorothiazide,,0,0,,,,0,,,,,0,,,1,,,,,0,,,,0,0,0,,,,,,,,0,0,,,,,0,1,,,0,0,,,0,0,,,,,,,,,,,0,,0,,,0,,,0,,,,,,,,,,,0,,,0,,,,0,,,,,,,,,,,,,,0,,,,0,,,0,,,1,,,0,,0,,,0,,,0,0,,0,,0,0,,1,,,,0,,,,,,0,,,,,,0,,0,0,,,,,,,,,1,,1,,0,,0,,,,1,,,,,,0,,,0,,,,,,0,,,0,,0,0,,,,0,,,,,,,,0,,,0,,,,,0,,,0,,,,,,,,,0,,,,,,,,,,,,,,0,,,,,,,,,,0,,,,,,,,,,
Hydrocortisone,,,0,,,,0,1,0,,,1,,,,,,,,,,1,,1,0,0,,,,,,,,,,,,,1,,,,,,,,,,0,,,,,,0,0,,,,1,,0,,,0,,1,,,,,,,0,,,1,,,,,0,,,,,,,,,,,,,,0,,,,0,,1,0,,0,,0,,,,,,,,1,,0,0,,,,0,,,,,,1,,,,,,,,,,,,,,,0,,,,,,,,0,0,,,,,,,,,,,,,,,1,,,,,,,,0,0,,0,,,,,,,,,,,,,,,,,,,,1,,,,,,,,,,,,,,,,,1,,,1,,,,0,,,,,,,,,,,,,,,,,,0,0,,,,,,,,,,,,,
Hydroxyzine,,0,0,,,,0,,,0,0,0,0,0,,,0,0,0,0,,0,,,0,0,,1,,0,0,,,0,0,,,0,0,,,,,,0,,,0,,0,,0,,,,0,,,,,,0,,,,,,,,,,,,0,,,,,0,,,0,,,,0,,0,,,,,,,,,,,0,0,0,,,0,,,0,,0,,,0,0,0,0,0,0,0,0,,,,,,0,0,,0,0,,,,,0,,,0,,,,,,,,0,,0,0,0,0,0,,0,,,,,,,0,,0,,0,,0,,,,,,0,,,,,,,,,,0,,,0,,1,0,,,,0,0,,,,,,,0,,,,,,,,,,,,,,,0,,,,,0,,,0,,,,,,,,0,,,,,,,,,,0,,,0,0,,,0,,0,,,,
Ifosfamide,,,0,,,,0,,1,,,0,,,,,,,,,,,,,,,,,,,0,0,,,,,,,,0,,,,,,,,,1,,,,,1,,,0,,1,1,,,,,,,1,,,1,1,,,,,,,,,,,0,,,,,,,,,,,,1,,0,,,,,0,,,,,,0,,,,,,,,,,,,,,,0,,,,0,,,,,,1,0,,,0,0,0,,,,,,,,,,,,,,,,,,0,,,,,,,,,,,,,,,,,,,,,0,,1,,,,,,,,,,,,,,,,,,,,,0,,,,,,,1,,,,,,,0,0,,,,,1,,1,1,1,,,,,,,,,,,,,,,,0,,,,,,,,,,,,,,
Iloprost,,,,,,,,,,,,,,,,,,,,0,,,,,,,,,,,,,1,,,,,,0,,,,,,,,,,,,,,,,,,,,,,,,,,,,,,,,0,,,1,,,,,,,,,,,,0,,,,,,,,,,,,,,0,0,,,,,,,,,,,,,,0,0,,0,,,,,,,,0,,,,,,,,,,,,,,,0,,,,,,0,,,,,,,,,,,,,,0,,,,,,,,,,,,,,,,,,,,,,,,,,,,,,,1,,0,,,,,,,,,,,,,,,,,,,,,,,,,,,,,,,,,,,,,,,,0,,,,,,,,,,,,,,,,,,,,
imatinib,0,0,,,,,,,,,,,,0,,,,,,0,0,,,0,0,0,,,,,,,,,,,,0,,,,,0,,,,,0,,,,,,1,,,,,,1,0,0,,,,,,,,,,,,,0,,,,,,,,,,0,,,0,,,,,,,,,0,,,0,,,,,,,,,,,,,,,0,,0,,,,,,,,,,,,,,,,,,,,,,0,,,,,,,,0,,,,,,,,,1,1,,,,,0,,,,,0,0,,,,,,,,,,,,,,,,,,,,,,,,,0,,,,,,,0,,,,,,,0,,,,,,,,,,,,,,,,,0,,,,,,,,1,,,,,,,,,,,,,,,,,,0,0,,,
Imipramine,,0,,,,0,,,,,,,1,,,,,,,0,,,,,0,,,1,,,0,0,,0,0,,,,0,0,,,0,,0,0,,0,,0,,,1,,,,,,,0,0,0,,,0,1,,,,,,,,0,0,,1,,,,,0,,,,0,,,,,,,0,,,0,1,0,,0,0,,,0,,0,0,,0,,,,1,0,,,,0,,,,0,0,0,,0,,,0,,,,,1,,,0,0,,,,,,,,,0,0,0,,,0,0,,,,,,,0,,,,,,0,0,0,,,,,0,,,,,,0,,0,,,,0,,,0,,,,,,,,,1,,,0,0,,0,,,,,,,,,,,,0,,,,,0,,,,,,1,,,,,1,,,1,,,,,,,1,,,0,0,0,,0,,,,,,
Indapamide,,0,,,,,0,,,,,,,,1,,,,,0,,0,,0,0,,,,,,,0,,,,,,,0,,,,,,,,,,,,,,,,,0,,,,,0,,,,,,,,,,,,,0,,,,,,,,,,,,0,,,,,,,,0,,,,,,,,0,,0,,,,,1,,,0,0,0,0,,,,,,,,,,,0,0,,0,,,,,,,,,,,,,,,,,,,,,,,,,,,,,,,,,,,,,,0,,,,,,0,,,,,,,,,,,,0,,0,1,,,,0,1,,,,,,,,,,,,,,,,,,,,,,,,,,,,,,,,,,,1,,,,,,,,,,,,,,,,,,,,,,,,,,
Ipratropium,,0,0,,,,0,,,,,,,0,,,,,,0,,0,,,,0,,,0,0,,,,,,,,,1,,0,,,,0,,,0,,,,,,,,0,0,,,,,0,,,,,,,,,,,,0,0,,,,0,,,0,,,,0,,,0,,,0,,,,0,,,,0,,,,0,0,,0,,,,,,0,,0,,,0,,,,,,0,,,,,1,,,,,,,,,,,,,,,,,,0,,,,,,0,,,,,,,0,,,,,,0,,0,,,,,0,,,0,,,,,,,,,,,,,,,,0,,,,,,,,,,,0,,,,,0,,,,,,,,,,,,0,,,0,,,,,,,,,,,,,,,,,,,,,,,,,0,,,0,,,
irinotecan,,,0,0,,,0,,1,,,,,,,,,,,,,,,,0,,,,,,,,,,,,,,,,,,,,,,,,,,,,,,,,,,,,,,,,,,,,,0,1,,,,,,,,,,,,,,,,,,,,,,,1,1,0,0,,,,,,,,,,,,,,,,,,0,0,0,,,,,,,,0,,,,,,,,,,,,0,,,,,,,,,,0,,,,0,,,,1,1,,,,,,,,,,,,,,,,,,,,0,,,,,,,,,,,,,,0,,,,,,,,,,,,,,,,,,,,,,,,1,,,0,,,,,,,,,,,,,,,,,,,,,,,,,,,,,,,,,,,,,
Isoniazid,,,0,,,,,,,,,0,,,,,,,,,0,,,,,0,,,,,,,,,0,,0,0,,,,,,,,,,,,,,,,0,,,0,,,,,,,,,,,,,,,,,,,,,,,,,,,,,,,0,,,,,0,,,,,,,,,0,,,,,,,,,,,,,,,0,,,,,,,,,,,,,,,,,,,,,,,,,,,,,,,,,,0,,,,0,,,,,,,,,,,,,,0,,,,,,,0,,,,,,,,,,,,,,,,,,,,,,,,0,,,,,,,,,1,,,,,,,,,,,,,0,,,0,,,,,,0,,,,,,,,,0,,,,,,0,,,,,,,,
Isradipine,,,0,,,,0,,,,,,0,,,,,,,0,,,0,,0,,,,,,,0,,,,,,,0,,1,,,,,,,0,,,,,,,,,,,,0,,0,,,,,,,0,,,,,0,,1,,,0,,,,,,,0,,,,,,,,,,,,,,0,,,,,,,,,,,,,,,0,0,,0,,,,,,,,,0,,,,,,,,,,,0,0,,,,,,,,0,0,,,,,,,,,,,0,,0,0,,0,,,,,,,,,,,,,,,,,,,,,0,,,1,,,,0,0,,,,,,,,,,,,,,0,,,,,,,,,,,0,,,,,,,,,,,0,,,,,,,,,,,,0,,,1,0,0,,,,0,,,,
Ivermectin,,0,,,,,,,,,,,,,,0,1,,,,,,,0,0,,,,,,,,,,,,,,,0,,,,,,,,0,0,,,,,,,,,,,,,,0,,,,,,,,,,,,,,,,,,,,,,,,,,,,,,,,,0,0,,,0,,,,0,,,,,,,,,,,0,,,,,,,,,,,,0,,,,,,,,,,,,,,,,,,,,,,,,,,,,,,,,,,,,,,,,,,,,,,0,,0,,0,,,,0,,,,,,,,,,,,,,,,,,,,,,,,,,,,,,,,,,0,,,,,,,,,,,0,,,,,,,,,,,,,,,,,,,,,,,0,,,,,
Ketoconazole,,0,0,,,,0,,,,,,,0,,,0,0,,,,,,,0,0,,,,0,,0,,0,0,,,,0,,0,,0,0,0,,,0,0,,0,0,,,,0,,,,,,0,0,,0,,0,,,,,,,0,,,,,0,,,0,,,,0,0,0,,,,,0,,,,,,,0,,,1,0,,,0,,,,,,0,,0,0,,0,,,,,0,0,,0,0,0,,,,,,,,,,0,0,,,,0,,,,0,0,,,0,,,,,,,,,,,,0,,,0,,,0,,,,0,,,0,0,,0,,,,,,,,,0,0,0,,0,0,,,,,0,,0,,,0,,,0,,0,,,,1,,0,,,,,1,0,,,0,0,,,,,,,0,,,0,,,,,,0,,,,,0,,,,,0,,,,
Ketoprofen,,0,0,,,,0,,,,,,,,,,,,,,,0,,,0,0,,,,,,,,,0,,,0,,,,,,,,,,,,,,,,,,,,,,,,,,,,,,,,,,,,1,,,,,,,,,,,,,,0,,,,,,,,,,,,0,,,,,,,,,,1,,,,,0,,,,0,,,,,,,,0,0,,,,0,,,,,,,0,,,,,,,0,0,0,0,,,,,,,,,,0,,,,,,,,,,,,0,,0,,,,,,,,,0,,,,,,,,0,,0,,,,,,,,0,,,,,,,,,,,,,,,,,,,,,,,,,,,,,,,,,,0,,,,,,,,,,,,0,,,,,,,0,
Ketorolac,,0,0,,,,0,,0,,,,,,,,0,,,,,0,,,,,,,,,,,,,0,,,,,,,,0,0,0,,,0,0,,,0,,,,,,,,,,0,,,0,,,,,,,,,,,,,,,,,0,,,,0,,,,,,,0,,,0,,,,,,,,0,0,,0,,,1,,,0,,0,,,,,,0,,0,,0,0,,,0,,,,,,,,,,,,,,,,,,,,0,,,,,,,,,,,,,,,,,0,0,,0,,,,,,,0,0,,,,,,,,0,,0,0,,,,0,0,,,,,,0,,,,,,,,,,,,,,,,,,,,,,,0,,,,,,,,,0,,,1,,,,,,,,,,,,,,,,,,,0,
Labetalol,,0,,,,1,0,,0,,,,,,,,0,,,0,,,,,,,,0,1,0,,0,,,0,,,0,,0,,,,0,,,,0,,,,,,,,,,,,,,0,,,,,,0,,,,,,0,,,,0,,,0,0,,,,1,,,,,,0,,,,0,0,,,0,,,,0,,0,,,,,,,,,0,,0,0,,0,0,,,0,,0,,,0,,,,0,,,,,,,,,,,,,,0,0,,,0,,,,,,,,,,,0,,,,0,,,,,,,,,,,,,,,,,,,,,0,0,0,,1,0,0,,,,,,,,,,,0,,0,,,,,0,,,,,,,,,,,,,,,,,,,,0,,,,,,0,,,,,,,,,,,,,,,,,
leflunomide,,,,,,,,,0,,,,,,,,,0,,,,,,,,0,,,,,,,,,1,,0,,,,,,,,,,,,,,,,,,,,,,,,0,0,,,,,,,,,,,,,0,,,,,,,0,,,,,,,,,,,0,,,,,,,,,,,,,,,0,,,,,,,0,,,,,,0,0,,,,,,0,0,,,0,0,,,,,,,,,,,,,,,0,,,,,,,,,0,,,,,,0,,,,,,0,,0,,0,,0,,,,0,,,,,,,,,,,,,0,,,,,,,,,,,,0,0,,,,,,0,,0,,0,,,,,0,,,0,0,0,,0,,,,,0,1,,,,,,0,0,,,,,,,,,,,,0,,
letrozole,,,,,,0,,,0,0,,,,,,,,0,,0,,,0,0,0,,,,,0,,0,,0,0,0,,,,0,,,0,0,0,,0,0,,,,0,0,,,,,,,1,0,0,,,,,,,0,,,,,0,0,,,,0,,,0,,,,0,,,,,,,,,,0,,,,0,,,,0,0,,0,0,,,,,,,,,,0,,,,,,,,0,0,0,,,0,,0,,,,0,,0,0,,0,0,,,0,0,0,0,,,,0,,,,,,,0,0,,0,,,,,0,0,0,0,,0,0,,0,,,,,,,,,0,,,0,,,,0,0,,,,0,,,0,,,0,0,0,0,0,,,,0,,,,,0,,,,0,,0,,,,,0,,,,,,,,0,,,,,,,,0,,,0,,,,0,,,,
Levobunolol,,0,,,,,,,,,,,,,,,0,,,,,,,,0,0,,,,,,,,,,,,,,,,,,,,,,,,,,,0,,,0,,,,,,,,,0,,,0,,,,,,,,,,,,,,,0,,,,,,,,,,,,,,,,,,,,,,0,,,,,,,,,,,,,0,,,0,0,,0,,,,,,,,,,,,,,,,,,,,,,,0,,,,,,1,,,,,,,,,,,,,0,,,,0,,,,,,0,,,,,,,,,,,,0,,,,,,,,,,,,,,,,,0,,,,,,,,,,,,,,,,,0,,,,,,,,,,,,,,,,,,,0,,,0,0,,,,,,,,,
levocabastine,,,,,,,,,,,,,,,,,,,,,,,,,0,,,,,,,,,,0,,,,0,,,,,,,,,,1,,,0,,,,,,,,,,,,,,,,,,,,,,,,,,,0,,,0,,,,,,,,,,,,,,,,,,,,,,0,,,,,,,,,,,,,,0,0,,,,,,,,0,,,,,,,,,,,,,,,,,,,,0,,,,,,,,,,,,,,,,,,,,0,,,,,,,,,,,,,,,,,,0,,0,0,,,,,,,,,,,,,,,0,,,,,,,,,,,,,,,,,,,,,,,,,,,,0,,,,,,,,,,,,,,,,,,,0,0,,,
Lidocaine,,0,0,0,,,0,,,,,,,,,,,,,,,0,,,,,,,,,0,0,0,,,,,,,,,,,,,,,0,,,,,,,,,,,,,,0,,,,,,,,,,,,0,,0,,,,,1,0,,,,0,,0,,,,,,,,0,0,,,1,,,,0,,,,,,,,,1,,0,,0,0,,0,,,,0,0,0,,,,,,,,,,,0,,,,1,,,,,,0,,1,,,,,,,,,,,0,,,,0,,0,0,,,,,,0,,,0,1,,,,,,,,0,,,0,,,,,,,,,,,,,,,,,,,,,,,,,,,,,,,,,,,,,,,,,,,,,,,,,0,,,,,,,,0,,,,,,,,,
Lisinopril,,0,,,,,0,,,0,,,0,,1,,0,0,,0,,,0,0,0,0,,,0,0,,0,0,0,0,,0,,0,0,,,,,0,,,0,,,,0,,,,0,,0,,,,0,,,,,,,0,,0,,1,0,,,,,0,,,0,,,,0,,,,,,,0,,,,,,0,0,,,,0,0,,0,,0,,,1,1,1,0,,,0,,0,0,,,,,0,,,0,,,,,,,,0,0,0,,,,0,,0,,0,0,0,1,0,,0,0,,,,1,1,,,,,,,0,0,1,,0,,,0,,0,,,,,,,,,,0,,0,1,1,,,,1,,,,,,,0,,,0,,,0,,,,,0,,,,,,,,,0,,,,,,,0,0,,,0,,,,0,,,,,,,,0,0,,,,,,0,,,,
Lomustine,,0,,,,,,,,,,0,,,,,,,,,,,,,,,,,,,,,,,,,,,,,,,,,0,,,,,,,,,,,,,,1,,,,,,,,,,,,,,,0,,,,,,,,,,,,,,,,,,,,,,,,,,,,,,,,,,,,,,,,,,,,,,,,,,,,,,,,,,,,,,,,,,,,,,,,,,,,,,,,,1,1,,,,,,,,,,,,,0,,,,0,,,,,,1,,,,,,,,,,,,,,,,,,,,,,,,,,,,,,,,,,,0,,,,,,1,,1,,,,,1,,,,,,,,,,,,,,,,,,,,,,,,,,,
Loperamide,,1,0,0,,,0,,0,,,,,,,,,0,,,,,,,0,,,,,,,0,,,0,,,0,,,,,,,,,,,,,,,,,,,,,,,,,,,,,,,,,0,,,,,,,,,,,,,,,,,,,,,,0,,,,,,0,,,0,,0,,,,,,,,,,,1,,,,,,0,,,,,,,,,,,,,,,,,,,0,,,,,,,0,,,0,1,,,,,,,,,,,,,,,,,,,0,,,,,,,,,,,,,,,,,,,,,,,,0,,,,,,0,0,,,,,,,,,,,,,,,,,,,,,0,,,,,,,,,,,,,,,,,,,,,,,,,,,,,,,,
Lovastatin,,,,,,,0,,,,,,,,,,,,,0,0,,,,0,,,,,0,0,,,0,0,0,,,,,,,0,,0,,,,,,,,,,0,,,1,,,,0,,,,,,,,,,,,,,,,,,,,0,,,,0,,,,,,,,1,,,,,,,,,,,,,0,,,,,0,0,,0,0,,0,,,,,,,,,,,,,,,,,,,,0,,,,,,,,,0,0,,,,,,,,,,,,0,,,,,,,,,0,,,,,,0,0,,,,,,,,,0,,,1,,,,,,,,,,,,,,,0,,,,,,,,,,,,,,,,,,,1,0,,,,,,,,,,,,,,,,,,,,,1,,,,,,0,0,,,
Loxapine,,,0,,,,0,,,,,,,,,,,,,,,,,0,,,,,,,,0,,,,,,,,,,,,,,,,,,,,,,,,,,,,,,,,,,,,,,,,,,0,,,,,,0,,,,,,,,0,,,,,,,,0,0,,,,,,,0,1,,,,,0,,,0,,,,,,,,,0,,,,,,,,,,,,,,,,,,,,,,,0,,,,,,,,,,,,,,,,,,,,,0,,,0,,,,,,,,,,,,,,,,0,,,,,,,,,,,,,,,,0,,,,,,,,,,,,,,,,,,,,,,,,,,,,,,,,,,,,0,,,,,,,,,,,,,,,,,
Maprotiline,,,,,,,0,,,,,,0,,,,0,,1,,,,,0,,,,1,,,,,,,,,,,,,,,,,,,0,,,,,1,1,,,,,,,,,,,,,,,,,,,,,,,,1,,,0,,,,,,,,,,,,,,,,,0,,,,,,,0,,0,,,,,,,,,,,,,,,0,,,,,,0,,,,,,,,,,,,,0,,,,,,,,0,,,,,,,,,,,,,,,,,,,,0,,,,,,,1,,,,,,,,,,,,,,,,,,,,,,,,,,,,,,,,,,,,,,,,,,,,,,,,,,,,,,,,,,,,,,,,,,,,,0,,,,,,0,,,,
Mefenamic Acid,,,0,,,,0,,,,,,,,,,,0,,,,0,,,0,0,,,,,,,,,,,,0,,0,,0,,,,,,,,,0,,,,,,,,,,,,0,,,,,,,,,,,,,,,,0,0,,0,,,,,,,,,,,,,,0,,,,,,,,0,,,,,,,,,,,0,,0,,,,,0,0,,0,,,,,,,,0,,,,0,,,0,,,,,,,,,0,,0,,,,,,,,1,,,,,,,,,,,,0,,,,,,,,,,,,,,,,,,,,,,,,,,,,,0,0,,,,,,,,,,,,,,0,,,,,,,,,,,,,,,,,,,1,,,0,,,0,,,,,,,,,0,,,,0,
Melatonin,0,,0,0,,,,,1,1,,,,0,,,,0,1,1,,,,,0,0,,1,,,,0,,,0,,,0,,,,0,,,0,,1,0,,,,,,,,0,,1,,0,,0,,,,,,,,,,,1,1,,,1,,1,,,0,,,,,,1,,,,,1,1,,,0,,,0,0,,,0,,,0,,,,,,,,0,0,,0,,0,,,,0,,,0,,,,,,0,,0,,0,0,,,,,,,,,0,1,0,1,,,,,,,,,,,,,,,,,1,,0,,,,,,0,,,,,,,,,,0,,,0,,,,,,,,,,,,0,,,0,,,,,0,,1,,,,,,,,,,1,,,,,0,,0,,,,,,,,,,,,,,,,,1,,,,0,,0,,0,,
Memantine,,,,,,,,,,,,0,,,,,,,1,1,,,,,0,,,,,,,,,,,,,,,,,,,,0,,1,,,,,,,,,,,,,,,,,,,,,,,,0,,0,,0,,1,,,,,0,,,,,,,,,,,,,,,,,,,,,,,1,1,,,,,,,,0,,,,0,,,,,,,,0,0,,,,,,,0,,,0,,,,,,,,,0,0,,0,,,,,0,,,,,,,0,,,,,,,,,,,,,,0,,,,,0,,0,,,,,,,,,,,,,,,,,,,,,,,,,,,,1,,,,,,,,,,,,,,,,,,,,,,,,1,,,,0,,,,,,,,0,,0,,,1,,,
Mesalamine,,0,0,,,,0,,,,,0,0,,,,,,,,,,,,,,0,,,,,,,,,,,,0,0,,,0,,,,,0,1,,,,,,,,,,,0,,0,0,,,,,,,,0,,,,,,,,,,,0,,,,,,,,,,,0,1,1,,,1,,0,,1,,,,,,,,,,,,,0,,,,,,,,,,,,,,,,,,,,,,,,,,,,,0,,,0,,,1,,,,,,,,,,,,,0,,,,,,,,,,0,,,,,,,,,,,,,,,,,,,,,,,,,,,0,1,,,,,,,,,,,,,,,,,,,,,,,,,,0,0,,,,,,,,,,,,,,,,,,,,,,,,0,,
Metaproterenol,,,,,,0,,,,,,,,,,,,,,0,,,,,,,,,,0,,,,0,,,,,1,0,,,,1,0,,,,,,,,,,,1,,,,,,,,,,,,,,,,,,,,,,,0,,,0,,,,0,,,0,,,,,,,,,,,0,,,,,,,0,,,,,0,0,0,,,,0,,0,,,,,,,0,,1,,,,,,,,,,0,,,,,,,,0,0,,,0,,,,,,,,,,,,,,,0,,,,,,,,,,,,,,,,,,,,,,0,,,,0,,,,,,,,,,,,,,,,,,,,,,,,,,,,0,,,,,,,,,,,,,,,,,,,,,,,,,,0,,,,,,,,
Metformin,,0,0,,,0,0,,0,,,,,,,,,,,0,1,,,0,0,,,0,,,,,0,0,0,,,,0,,,,0,,1,,,0,,,,,,,,0,,,,,,0,,,,,,,,,,,,,,,,,,,,0,,,,0,,,,,,,,,,,,,,0,,,,,,,,,1,,,1,0,0,0,,,,,,0,,,,,0,0,,,,,,,,,,,0,,,,,,,,,,0,,0,,,,,,,,,,0,,,,,,,1,0,0,0,,,,0,,,,,,,,0,,,,,,1,0,,,,,,,,,,,,,1,0,,,,,,,,,,,,,,,,,,,,,,,,,,,,,,,,,,0,,,,,,,0,0,0,,,,0,,,,
Methotrexate,,0,,,,,0,,1,,,,,,,,,,,0,,,,,,0,,,,,,,,,1,,1,0,1,,,,,,0,,,0,1,,,,,1,,,,,1,1,,0,0,,,,1,,0,,1,,,,,,,,,,,0,,,,,,,,,,,0,1,1,,,,,,,1,,,,,0,1,,,,,,1,0,,0,,,,,,,,,,,0,,,,,,,1,,,,0,,,,,,,,,,,,,0,,,,1,,,,,,1,0,,,,,0,,,,,,,0,0,,,1,,,,,,,,,,,,,,,,,0,,,,0,1,,,,,,,,0,,0,,,1,,1,,,,1,,1,1,1,1,,0,,1,,,,1,0,,,,,0,0,,,,,1,,,,,,,,,0
Methyldopa,,,,,,,,,,0,,,,,,,,0,,0,,,,,,,,,,,0,,,,,,0,,,,,,,,,,,,,,,,,,,0,,,,,,,,0,,,,,,,,0,,,,1,,,,,,,,,,,,,,,,,,,,,,0,,,0,,,,,,,,,,,0,,,,,,,,,,0,,,,,,,,0,,,,,,,,,,,,,,,,,,,,,,,,0,,,,0,0,,,,0,,,,,,,,,,,,,,,,,,,,,0,,,,0,,,1,,1,,,,,,,,,,,,,,,,,0,,,,,,,,,,,,,,,,,,,,,,,,,,,0,,,,,,,0,,,,,,,,,,
Methylprednisolone,0,0,,,,,,,,,,0,0,,,,,,,,,,1,1,,,,,,,,,,0,,,,1,1,,,,,,0,,,0,1,,,,,,,,,1,,,,0,0,1,,,,0,,,,,1,1,,,,,0,,,1,,,,0,,1,1,,,,,,,0,,,0,0,,1,,,,,0,1,,,,,,,0,,0,0,,,,,,0,,0,,,0,,,,,,,,,,1,1,,,,,,,0,,0,,,1,0,,,,1,,1,,0,1,,,,0,0,0,1,0,,,0,,,0,,,,,,,,,,,1,0,,,,,,,,,,,,0,,,,,,,,,,,0,,,,,,,,,,1,1,,1,,,,,,,0,,,,,,,,,1,,,,,1,,1,,,0,0,,,1
Metoclopramide,,0,0,,,,0,,,0,,,0,,,,,,,0,,,,,0,,,0,,,0,0,,,,,,0,0,,,,,,,,,0,0,,,,,,,,,,,,,,,,1,,,,,,,,,,,0,,,0,,,0,,,,0,,,,,,0,0,,,0,0,,,,,,,0,,,0,,1,,,0,0,0,0,0,,0,,0,1,,,1,,,,0,0,,,,,,,,0,0,0,,,,1,,,,0,,0,,1,,,,0,,,,,0,0,,0,,,0,,,,,,,,,,,1,,0,,,,,,,,0,0,,0,,0,,,,,,,,0,,,,,,,,,,,,,,,,,,,,0,,,,,,,0,,,,,,,1,,,,,,,,,,,,,,0,,,,,,
Metoprolol,,0,0,,,1,0,,,,,0,,,1,,,,,0,,,0,,0,,,,0,,,0,,,0,,,0,,,1,,1,,0,,,0,0,,,,0,,,0,0,,,0,,0,,,,,,,,,,,,1,1,1,,,0,,,0,,,,1,,,,,,,,,,0,,,,0,,,0,,,,0,,,,1,1,,,0,,,0,0,,,0,,,,,,,0,,,,,,,,,,,,,,,,,,0,0,0,,0,,1,,,,,,,,0,,0,0,,0,0,1,,,,,0,,,,,,,,,,,,0,,,0,,,,1,1,,,,,,,,,,,,,,,,,,,,,,0,,,,,0,,0,,,,,,,,,,,,1,,,,,,0,,,,,,,,,,0,,,,
Metronidazole,,0,0,0,,,0,,,0,,,,,,,1,,,,,,,,0,0,,,,,,,,,0,,,0,,0,,,0,0,0,,,0,1,,,0,,,,,,,,,1,,,,,,0,,,,,,,,,,,,0,,,1,,,,0,,0,,,,,0,,,,,,,,,1,,0,0,0,0,,,,,,,,0,,,0,,,1,,,,,,,,0,,,,,,,,0,0,,,,,0,,,,,,,,0,,,,,,,,,0,,,,,,0,,,0,,,,,,,,,,,,0,,,,0,,,0,,,,,,,,,,,,1,1,,,,,,,0,,,,,,,,,,,,,,0,,,,,,,,0,,,,0,,,,,,,,,,,,,,,,0,,,,
Mexiletine,,,,,,,,,,,,,,,,,,,,,,,,,0,,,,,,,0,,0,,,,0,,,,,,,,,,,,,,,,,,0,,,,,,,,,,,,,,,0,,0,0,0,0,,,,,,,,,,,,,,,,,,,,,0,,0,,,,,,0,,,,,,,,0,0,0,,0,,0,0,,,,,,,,0,,,,,,,,0,,,0,,1,,,,,,,,,,,,,,,,,,,,,,,0,,0,,0,,,,,,,,0,,,,,,,,,,,0,,,,,,,,,,,,,,,,,,,,,,,,,,,,,,,1,,,,,,,,,,,,,,,,,,,,,,,,,,,,,,,,,,,,
Mianserin,,0,0,,,,0,,0,,,,,,,,,,,,,,,,1,,,,,,,,,,,,,,,,,,,,,,,,,0,0,1,0,,,1,,,,,,,,,,,,,,,,,,,,,1,,0,,,,,,,,,0,,,,,,,,0,,,0,,,,,,,,,,,,,,,,,,0,,,,,,,,1,0,0,,,,,,,,,,,,,,,,,,,,,,,,,,,,,,,,,,,,,,,,,,,,,,,,,,,,,,,,,,0,,,0,,,,,0,,,,,,1,,,,,,,,,,,,,,,,0,,,,,,,0,,,,,,,,,1,,,,,,0,,,,0,,,,,,,,,,,,,
Mifepristone,,,0,,,,,,,,,,,,,,,,1,,,,,,,,,,,,,,,,,,,,,,,,,,,,,,0,,,,,,,,,,,,,,,,,,,,,1,,,,,,,,,,,,,,,,,,,,,,,,,,,,,,,,,1,,,,,,,,,,,,,,,0,,,,,,,,,,,,,,,1,,,,,,,,,,,,,,,,,,,,,,,,,,,,,,,,,,,,,,,,,,,,,,,,,,,,,,,,,,,,,,,,,,,0,,,,,,,,,,,,,,,,,,,,,,,,,,,,,,,,,,,,,,,,,,,,,,,,,,,,,,
Milrinone,,,0,,,,0,,,,,,,,,,,,,,1,,,,,0,,,,,,0,,,,,,,,,,,,,,,,0,,,,,,,,0,,,,,,0,,,,,,,,,,1,,0,0,0,,,,,,,,,,,,,,,,,,,,,,,,,,,,,0,,,,,,,,,,,,0,,,,,,,,,,,,0,,,0,,,,,,,,,,,,,,,,,,,,,,,,,,,,,,,,,,0,0,1,,,,,,,,,,,,,,,,,,,,0,,,,1,,0,,,,,,0,,,,,,,0,,,,,,,,,,,,,,,,,,,,,,,,,,,,,,,,,,,,,,,,,,,,,,,
Minocycline,,0,,1,,,,,0,0,,,,,,,0,0,1,,,,,,0,0,,,,,,,,0,0,,,,0,,1,,,,0,,,0,0,,,0,,,,,,1,,,,0,,,0,0,,,,,,,,0,0,,,,,,,0,,,,0,,,0,,,,1,,0,,,,,0,0,0,0,0,0,,0,,,,,,1,,,,0,0,,0,0,0,,0,,0,0,0,0,1,,,0,,,,0,,0,,,0,,,0,,0,0,0,0,,,0,,,1,,,,0,,,0,0,,,,0,0,,0,,0,,,,,,,,0,,,0,,,0,0,,,,,0,,,,0,,,,0,0,0,,,,,,,,,,,,,,,,,0,,,,,,,,,,,0,,0,0,,,,,,,0,,,1,,,1,,,,,,,
Minoxidil,,0,,0,,,0,,0,0,,,,,,,,1,,0,,,,0,0,,,,,0,,0,,0,0,,,,0,,,,,0,,,,0,,,,,,,,0,,,,0,,0,,,,,,,,,,,0,0,0,,,,,,0,0,,,,0,,,0,,,,0,,,,,,,0,0,,,0,0,,,,,,,,0,0,,,0,0,,0,0,,,,,0,,0,,,,,0,,,0,0,1,0,,0,,,,,,0,,,,0,,0,,,,,,,,,,,,,,0,,0,,,,,,0,0,,,,,,,,,0,,0,1,1,,,1,,,,,,,,,0,,0,,0,,,,,,0,,,,,,,,,,0,0,,0,,,0,,,,,,,,,,,,,,,,,,,,,,,,,,,
Mitoxantrone,,0,,,,,,,0,,,,,,,,,0,,,,,,,0,,,,,0,,0,,0,0,,,0,0,0,,,,0,0,,,0,1,,,,,,,,,,,1,,0,0,,,,,0,,1,,,,0,0,,,,,,,0,,,,0,,,,,,,0,,1,0,0,,,,,,,0,,,0,,,,,,,,0,1,0,,,,,0,,,,,,,0,,,,,,,,0,,,,,,,,0,,0,0,,0,,,0,,,,,,,,,0,0,,,0,0,0,,,,,0,,0,0,,,1,,,,,,,,,,,,,0,0,,,,0,,,0,,,,,,,,,,,,,,1,,,,,0,0,,1,0,1,0,,0,,,,0,,,,,,,,,0,,,,,,1,1,,,,,,,
Mycophenolic Acid,,0,0,,,,0,,,,,,,,0,,,0,,,0,,0,,,,0,,,,,,,,,,,,,,,,,,,,,,,,,,,,,,,,,,0,0,,,,,,,,,,,,,,0,,,,,,,0,,,0,,,,,,,0,,,,,,,0,,,,0,,,,,,,,,,,0,,,,,,,,,0,,0,0,,,,,,,,,,0,,,,,,0,,,,0,,,,,,,,,,,,,,,1,,,,,,,0,1,0,,,0,,,,,,,,,,,,,,,,,,,0,,,,,,,0,,,,,,,,,,,,,,,,,,,,,,,,,,,,,,0,,,1,,,,,,,,,0,,0,0,,,,,,,,,
Nadolol,,,0,,,,,,,,,,0,,,,,0,,0,,0,,,,0,,,,,,0,,,,,,0,,0,,,,,,,,0,,,,,,,,0,0,,,,,0,,,,,,,,,,,,,,,,,,,,0,,,,0,,,,,,,,,,,,,,,,,,,0,,,,,,,,,,0,,,0,,,,,,,,,,,,,,,,,,,,0,,,,1,,,,,0,,,0,,,,,,,,,,,0,,,0,,,,,,0,,,,,,,,,0,,,,,,,,,1,0,0,,0,,,,,,,,,,,,,,,,,,,,,,,,,,,,0,,,,,,,,,,,,,,,,,,,,,,,,0,,,,,,,,,,
Nafcillin,,,,,,,0,,,,,,,,,,,,,,,,,,,,,,,,,,,,,,,,,,,,,,,,,,1,,,,,,,,,,,,,,,,,,,,,,,,,,,,,,,,,,,,,0,,0,,,,,,,,,,,,,,,,,,,,,,0,,,,,,,,,,,,,,,,,,,,1,,,,,,,,,0,,,0,,,,,,,,,,,,,,,,,,,,,,,,0,,,,,,,,,,,,,,,,,,,0,,,,,,,,,,,,,,,,,,,,,,,,,,,,,,,,,,,,,,,,,,,,,,,,,,,,,,,,,,,,,,,,,,,,,
Nalbuphine,,,0,,,,0,,,,,,,,,0,,0,,,,0,0,0,,0,,,,,0,,,0,,,,,,,,,,,0,,,0,,,,,0,,,,,,,,,,,,,,,,,,,,,,,,,,,,,,,0,,0,,0,,,,,,,,0,,,,0,,,,0,0,,0,,,,,,,,,,,,,,,0,,,,,,0,,,,,,,,,,,0,,,,,,,,0,0,0,,,,,,,,,,,0,,,,,,,,0,,,,,,,,,,,,,,0,,,0,,,,,,,0,,0,,,,,,,,,0,0,,,,,,,,,,,,,,,,,,,,,,,,,,,,,,0,,,,,,,,,,0,,,,,,,,,,
Naloxone,,0,0,,,,1,,,,,,,0,,,1,,,1,,1,,,0,1,,,,,0,1,,0,0,,,0,0,,1,,,,0,,,0,,0,,,,,,0,,1,,,,0,,,0,,,,,,,,,0,,,,,0,1,,0,,,,0,,0,,,,,,,,1,0,1,0,,,,,0,1,,0,,,,,,,,0,,,0,,,,,0,,,0,,,0,0,,,,,,,1,,,,,,,,,,0,,,,,,,,,,,,,,,0,,,,0,0,0,,,,0,0,,,0,,,0,,,,,,,,0,0,,0,,1,0,0,1,,1,,1,,,,0,0,,,,1,,,,,,,,1,,,,0,0,,,,,,,,,,,,,1,,,0,,,,,,,0,,,,1,,0,,,,
Naltrexone,,,,,,,0,,,,,,,,,,1,,,,,,,0,0,,,,,,,0,,,,,,,,,,,,,,,1,,0,,,0,,,,1,,,,,0,,,,0,,,,,,,,,,,,1,,,,,0,,,,,,0,,,,,,,,,,,,,0,,,,,,0,,,,,,,,0,,,,,0,,,,,,,,,,,,,,,,,,,,,,,,,,,,,1,,,,,,,,,,,,,,,,,0,,,0,,,,,,,0,,,,,,,,,0,0,0,1,,,,,,,,,,,,,,,,,,,,,,,,,,,,,,,,,,,,,,,,,,,,,,0,,,0,,,,0,,,0,0,1,,,,,,,,
Naproxen,,0,0,,,0,0,,0,,,,,,,,,0,,0,,0,,0,,,,0,,,0,0,,0,1,,1,,0,0,,0,,0,0,,,1,1,,,,,,,,0,,,,,0,,,0,,,0,,,0,,,,0,,1,,0,1,,0,,,,0,,0,0,,,,,,,,,,,0,,,,,,,0,,,,,0,0,,0,,,0,,,,,,0,,0,0,0,,,0,,1,,,,,0,0,,,,0,,,,0,0,,,0,,,,,,,,,0,,0,,,,,0,,,0,,,,,,0,,,,,,,,,,,,0,,,,0,,0,,,0,,,0,,,0,,,,,,,,,,,,,,,,0,,,,,,,,,0,,,,,,1,,,0,,,,,,,0,,,,,,,,,,
Neomycin,,0,0,0,,,0,,,0,,,,,,,,,,0,,,,,,,,,,,,,,0,0,,,,0,,,,,,,,,0,,,,,0,,,,,,,,,,0,,0,,,,,,,,,0,,,,,,,,0,,,,0,,0,,,,,,,,,,,,,,,,,,,0,,,,,,0,,0,,,0,,,,0,,0,,,,,,,,,,,,,0,,,,,0,,,,,,,,0,,,,,,,,,,,,,,,,,,,,0,,,,,,,,,,,,,,,,,,1,,,,,,,,,,,,0,,,,,0,,,0,,,,,,,,,,,,,,,,,,,,,,,0,,,,,,,,,,,,,,,,,,,0,0,,,
Nicardipine,,,0,,,0,0,,,,,0,,,1,,,,,,,,,0,,0,,,,0,0,,,,,,,,1,,1,,,,,,,,,,,,,,,0,,,,,,,,0,,,,,,,,,,,,0,,,,0,,,,,,,,0,,,,,,,,0,0,,,,,,,,,,,,,,,,,,,,,,,,,,,,,,,,,,,,,,,,0,,,0,,,,,,,,,,,,,,,,,,,,,,,,,,1,,1,,,,,,,,,,,,,0,,,,,,,1,,,0,,,,,,,,,,,,,,,,0,,,,,,,,0,,,,,,,,,,,,,,,,,,,,,,0,,,,,,,,,,,,,,,,,
Nicergoline,,0,,,,0,,,,,,,,,,,,,,1,,,,,0,,,,,,,,,,,,,,,,,,,,,,,0,,0,,,,,,0,,,,,,,,,,,,,,,,,,,,,,,0,,,,0,,,,,,0,,,,,,,,0,0,,,,,,,,,,,,,,,,,,,0,,0,,,0,,,,,0,0,,,,,,,,,0,,0,,,,,,,,,,,,,,,,,,,,,,,,,,,,,0,,,,,,,,,,,0,,,,,,,,,1,,,,0,,,,,0,,,,,,,,0,,,,,,,,,,,,,,,,,,,,,,,,,,,,,,,,,,,,,,,0,,,,,,,,,,
Nifedipine,,0,0,,0,,0,,0,,,,,,1,,,,,1,0,,,,0,0,,,,1,,,1,1,,,,,1,,1,,,0,,,,,,,,,,,,0,,,,,,,,,,,,0,,,0,,1,,1,1,,,,,,,,,1,0,,,,,,,0,,,,,,,,,,,,,,0,,,,1,1,,0,0,,,,,,,1,,,,0,1,0,,,,,,,,,,0,,,,,,,,,,0,0,,0,,0,,1,,,,,,0,,,,,0,0,0,0,,,,,,,0,,,,,,,,,,,,1,1,,1,0,1,,,,1,,,0,,1,,0,0,,,,,,1,,,0,,,,,,,,,,,,,,,,,,,,,,,,,,0,,,,0,0,,,,,,,,,
Nimodipine,,,,,,,,,,,,,,,,,,,,1,,,,,,,,1,,,1,1,,,,,,,,1,,,,,,,,,,,,1,,,,0,,,,,,,,,,,,,,,,,,,,,,,,,,,,,1,,,,,,,,,,,0,,,,,0,,,,1,,0,,,,,,,,,,,,,,,,,,,,,,,,,,,,,,,,,,,,,,,,,,,0,,,,,,,,,,,,,,,,,,,,,,,,,,,,,,,,,,,,,,1,,,,,1,,,,,,,,,,,1,,,,,,,,,,,,,,,,,,,,,,,,,,,,,,1,,,1,,,,,,,,,,,,,,,,,
Nitrendipine,,,,,,,,,,0,,,,,,,,,,,,,,,,1,,,,,,0,,,,,,,,,1,,,,0,,,,,,,,,,,,,,,,,,,,,,,,,,,,1,,,,,,0,,,,,,,,,0,,,,,,,,,,,,0,,,,,,,,,,,,0,,,,,,,,0,0,,,,,,,,,,,,,,,,,,,0,,,0,,,,,0,,,,,,,,,,,,,,,,,,,,0,,,,,0,,,0,,,,,,,0,,,,,1,1,,,,1,,,,,,,,,,,,,,,,,,,,,,0,,,,,,,,,,,,,,,,,,,,,,,,,,,,,0,,,,,,,,,,
Nitrofurantoin,,0,0,,,,0,,,0,,,,0,,,,,,0,,,,,0,0,,,,0,0,0,,0,0,,,0,0,0,0,0,0,,0,,0,0,0,0,,0,,0,,0,,,0,,0,0,,0,0,,,0,,,,,,0,0,0,,,0,,,0,,0,,0,,0,,0,0,,0,,,,,,,0,0,,,0,0,,0,,0,,,0,0,0,0,,,0,,0,,,,0,,1,0,,0,,,0,0,,,,0,,,0,,,0,,,,0,0,,0,,0,,0,,,,,0,0,,,,,,0,0,,0,,0,0,0,0,,,,,,,0,,,,0,,,0,,,0,0,0,0,,,,,,0,,,0,,0,,,,,,,,,,,0,,,0,0,,,0,,0,,,,,,0,,,,0,,,,,,0,,,0,0,0,0,,0,0,0,,0,
Nizatidine,,0,0,,,,0,0,0,,,,0,,,,,0,,,,,,,0,0,,,,0,,,0,0,,,,,0,,,,,,0,,,0,0,,,,,,,,,,,,0,,,,0,0,,,,,,,,,,,,,0,,,0,,,,0,,,0,,,,0,,,,0,,,0,,0,,0,0,,0,,,,,,,,,0,0,0,0,,1,,,1,,,0,,,,,,,,,,,0,0,0,,,1,,,,,,,0,,,,,,,,,,,,,0,,,0,0,,,,0,,,,,0,,,0,,0,,,,0,,,0,0,,,0,,0,,,0,,,0,0,,0,0,,,,,,,0,,,0,0,,0,,0,,,,,,,,,,,,,,,,,,,,,,0,,,,0,0,0,0,,,,,,
Nortriptyline,,0,,,,0,,,,0,,,,0,,,0,0,,0,,,0,,0,0,,,,,,1,,0,0,0,,,0,0,,,,,0,,,0,,,,0,0,,,,,,0,,,0,,,0,,,,,,,,0,0,0,,1,,0,,,,,,,0,0,,,,,0,,,,0,,,,0,0,0,,0,,,0,,,,,0,0,0,0,0,,0,,,0,0,0,0,0,0,0,0,,0,,,0,1,,,0,,0,,,,0,,,0,0,0,0,0,,,,,,,0,,,,0,,,0,1,0,0,,,0,,,,,,0,,,,1,,0,,,0,,,0,,,,0,,,,,,,,,0,,0,,,,0,0,,,,,,,,,,,,0,,,,,,,,,,,1,,,0,,,,,,0,1,,,0,0,0,,0,,0,,,,
Ofloxacin,,0,,0,,,0,,,,,0,,,,,,,,,,,,,0,0,,,0,,,,,0,,,,0,,,,,0,0,0,,,0,,,,0,,,,,,,,0,,1,,,0,,,,0,,,,0,0,,,,,0,,,1,,,,0,,1,,,,,0,,,,,,,0,,,,0,,,0,,,,,0,0,,0,0,0,,,,,0,,,,,,0,0,1,,,,,,,0,,0,,,,,,,,0,,0,0,,,0,,,,,,,,,0,,,,,0,,,0,,,0,,0,,,,0,,,,,,,,0,0,,,,,,,,,0,,,,,,0,,,,0,,,,,,,,0,,,,,,,,0,0,,,,,,,,,,0,,,,,,,,,,0,,,,,,0,0,,,
Omeprazole,,0,0,0,,,0,,,,,0,,,,,,,,0,,,,,0,,,,0,,,0,,,0,0,,,0,0,,,,,0,,,0,,,,,,,,,,,,,,,0,,0,,,,,,,,,,,,,,,,,0,,,,1,,0,,,,,,,,,,,,0,,,,1,,,,,,,,,0,,0,,0,0,,,1,,,0,,,,,1,,,,,,,,0,0,,,,,1,,,,0,,0,,0,,,,,,,,,0,,,0,,,,0,,,,,,,,,0,0,,,,,,,,,,,0,,,,0,0,,,,,,,,1,,0,,,0,,0,,,0,,,,,,,,,,,,,,,,,,,,,,,,0,,,,,0,,,,,,0,,,,0,,,,
Ondansetron,,0,0,,,,0,,0,,,,,,,,0,,,,,,,,0,0,,,,,,,,,,,,,,,,,,,,,,0,0,0,,,,,,,,,,1,,,,,,,,0,0,,,,,,,,,,,0,,,,,,,,0,,,,,,,,,,,,,,,,,,,,,,,,,,0,0,0,0,,,,,0,,,0,,,,,,,,,,,,,,,,,,,,,,0,,,,,,,,,,,,,,,,,,,0,,,,,,,,,0,0,0,,0,,0,,,,0,,,,,,,,,,,,,,,,,,,,,,,,,1,,,,,,,,,,,,,,,,,,,,,,,,,,,,,,,,,,,0,,,,,,,,,
orlistat,,0,,0,,,,,,,,,,,,,,0,,0,,,,,0,,,,,,,,0,,,,,,0,,1,,,,,,,0,,,,,,,,,,,,1,,0,,,0,0,,,,1,,,,,,,,,,,,0,,,,,,,,,,,0,,1,,,0,,,0,,,,,,,,1,,,,,,0,,,0,,,,,0,0,,,0,,,,,,0,,,,0,,,,,,,,0,,0,1,0,,,,,,,,,,,0,,,,,,,,1,,,,,,0,,,,,,,,,,,,,,1,,,,,,,,,,,,,,1,,,,,,,,,0,,,,,,,,,,,,,0,,,1,,,0,,,,0,,,,,,,,,,,,,,,,,,,,
Orphenadrine,,0,,0,,0,,,,,,,,,,,0,0,,0,,,,,,,,,,,0,0,0,0,0,,,,0,,,,0,,,,,0,,,,0,,,,,0,,,0,,0,,,0,,,,,,,,,0,,,,,0,,,0,,,,0,,0,,,,,,,,,1,,0,0,0,,,0,,,0,,,,,,,0,0,,,0,,,,0,,0,1,,,0,0,,,,,,,,0,,0,,,,,,,,0,,0,,,,0,,,,,,,,,,,,0,,,,,,,,,,,,,,,,,,,,0,0,,0,,,,0,0,,,,,,,,,,0,,,,,0,,,,,,,,,,,,,,,,,,,,,,,0,,,0,,,,,,,,,,0,,0,,,,0,,,,
Oxymetazoline,,0,,,,,,,,,,,,,,,,,,0,,,,,0,,,,,,,0,,0,0,,,,,,0,,,,0,,,0,1,,,,,,,0,,,,,,0,,,0,,,,,,,,,,,,,,,,,,,,,0,,,,,,,,,,,0,0,,0,,,,,,,0,,,,,,,0,0,,,0,,,,,,0,,,,0,,,,0,,,,,,,0,,,,0,,,,0,0,,,,,,,,,,,,,,,,,,,,,,0,,,,0,,,,,0,,,,,,0,,,0,,,,,0,,,,,,,0,,,0,,,,,,,,0,,,,,,,,,,,,,,,,,,,,,,,0,,,,,,,,,,,,,,,,,,,,
Oxytetracycline,,,,1,,,,,,,,,,,,,,,,,,0,,,,0,,,,,,,,,,,,,,,,,,,0,,,,,,,,,,,,,,,,,,1,,,,,,,,,,0,,,,,,,,,,,,,,,,,,,,,,,,,,,,,,,,,,,,,,,,,,,,,,,,,,,,,,,,,,,,,,,,0,,,,,,,,,,,,,,,,,,,,,,,,,,,,,,,,0,,,,,,,0,,,,,,,,,,0,,,,,,,,,,,,,,,,,,,,,,,,,,,,,,,,,,,,,,,,,,,,,,,,,,,,,,,,,,,,,,,,,,,,
Paclitaxel,,0,,,,,0,,1,,,,,,,,,0,,,,0,,,0,0,,,,,,,,,0,,,,,,1,,,,0,,,0,0,,,,,1,,0,,,1,1,,,,,,,,,0,1,1,,,0,,,,,,,,,,,,,,1,,,,,0,,1,,,0,,,,,,,,,0,,,,,,,,0,,,,0,0,0,,,,,0,,,,,,1,,,,,,0,0,,,,,,,,0,0,,,,,,,1,1,,,,,,,0,,,,,,,,,,,,0,0,,,,,,,,,,,,,,,,,,,,,,,,0,,,0,,,,0,,,,0,,,1,,,,,,0,,,,1,,,1,,,,,1,,0,,,,,,,,,1,,1,,,,,,,,,
Paroxetine,,0,,,,0,,0,,,,,1,0,,,0,0,1,0,,,0,,0,0,,1,0,0,0,,,,0,,,,0,,0,,,,0,,,0,0,,,0,1,,0,,,,,,,0,,,0,,0,,,,,,,0,,,,,,,,0,,0,,0,,,,,,,,,,,0,,,0,,,,0,,,0,,0,,,,1,0,0,0,,0,,0,,0,,0,,0,0,,0,,,,,,,,0,0,0,,,,0,,,,0,,0,,0,,,,,,,,,,0,,,,,,0,,,,,,,,,0,,,,,,,,,0,,,0,,,,,,,,0,0,,,0,,,0,,,,,,,,,,,,0,,,,,0,,,,,,,,,,,,,,1,,,,,,,0,,,0,0,,,0,,0,,,,
Penicillin G,,,0,,,,0,,,,,,,,,,,,,,,0,,,,,,,,,0,,,,,,,0,,,,,,,,,0,,0,,,,,,,,,,,,,,0,,,,,,,,,,,,,,,,,,,0,,,,,,,,,,,,,,,,0,,,,,,,0,,,,,,,,,,,,,,,,,0,,,,,,,,1,,,,,,,,,,,,,,,,,,,,,,0,,,,,,,,,,,,,,0,,,,,,,,,,,0,,,,,,,,,,,,,,,,,0,,,,0,,1,,,,,,,,,,,,,,,0,,,,,,,,,,,,,,,,,,,,,,,,,,,,,0,,,,,,,,,,
Pentamidine,,0,0,,1,,0,,,,0,0,,,,,,0,,,,,,0,0,,,0,,,,,,,,,,0,,,,,,,,,,,,,,,0,0,,0,0,,,,,0,,,,,,,,,,,0,,,,,,,,,,,,,,,0,,,,,0,,,,,,,0,,,,,,,,,,,,,,,0,0,,0,,0,,,,,0,,,,0,,,,,0,,,,,,,,,,,,,,,,,0,,,,,0,,,,,,0,,,,,,0,0,,,,0,0,0,0,,0,,,,,0,,,0,0,0,,0,,,,,,,,,,,,,,,,,,,,,,,,,,,,,,0,,,,,,,,,,,,,,,,,,,,,,,,,,,,,,0,0,,0,
Pentoxifylline,,0,,,,,,,,0,,,,,1,,0,,,,,,0,,0,0,,,0,0,,,0,0,0,,,,,0,1,,,,0,,,,,0,,,,0,,,0,,1,,,0,,,,,,,,,,,,1,,0,,,0,,0,0,,,1,0,,,,,,,,,,,,,0,,,,,0,,,0,,,,,0,0,0,,,,0,,,,,,0,,,,,0,,,0,,,,,,,,,,,,,,,0,1,,1,,,0,,,,1,,0,,,,0,,,,0,0,,,,,0,,,0,0,,,,0,0,,,,,,0,,,,0,0,,,,0,,,0,,,0,,,,,,,,,,,,,,,,,,1,,,,,,0,0,,,,,,,,,,,1,,,,,,0,,,0,,0,,0,,
Pergolide,,,,,,,,,,,,,,,,,0,,,,0,,,,,,,,,0,0,0,,,,,,,,0,0,,,,,,,0,,0,,,,,,0,,,,,,,,,,,,,,,,,0,0,0,,,,,,,0,,,,0,,,,,,,,,,,0,,0,0,,,,0,,,,,,,,,,,,,0,,,,,0,,,0,0,,,,,,,,,,,,1,,,0,,,,,,0,,,,,,,,,,,,,,,,,0,,0,,0,,,,,,,,,,,,,,,,,0,,,1,,0,,0,,,,,1,,,,,,,,,,,,,,,,,,,0,,,,,,,,,,,,,,,,,,1,,,,,,,,,,,,,,0,1,0,,,,
Perphenazine,,0,0,,,,,,,,,,,,,,,0,1,,,,,,,0,,,,,,,,,,,,,0,,,,,,,,,0,,0,,1,,,,,,,,,,0,,,0,,,,,,,,,,,,,,0,,,,0,,,,,,,,,,,,,,,,,,0,,,0,,,0,,0,,,0,0,0,0,0,,,,,,,,,0,,0,,0,,,,,,,,0,,,0,,,,,0,,,,,,0,,,,,,,,,0,,,,,1,0,0,,,,,,,,,,,,,,,,,1,,0,,0,,,,,,,,0,,,0,0,,0,,,,,,,,,0,,,,,,,,,,,,,,,,,,,,1,,,,,,,,,,0,,,0,,,,,,0,,,,
Phenazopyridine,,0,0,,,,0,,,,,,,,,,,,,,,,,,,0,,,,0,,0,,0,,,,,0,,,,0,,,,,0,,,,,,,,0,,,0,,,,,,,,,,,,,,,0,,,,,0,,0,,,0,,0,,,,,,,0,,,,,,0,0,,,,0,,,0,,,,,,0,,,,,,,,0,,0,0,,1,0,0,,,,,,,,,,,,0,,,,,,,0,0,0,,,,,,,,,,,0,,,,,,,0,,,,,,,,,,,,0,,0,,,,,,,0,,,,0,,0,,,,,,,,,0,,,,,,,,0,,,,,,,,,,,,,,,,,,,,,,,,,,,,,,,,,,,,,0,,0,,,,
Phenelzine,,,,,,,,,,,,,1,,,0,,,,0,,,0,,0,,,1,0,,,,,,0,,0,,,,,,,,,,,0,,,,0,,,0,,,,,0,,0,,,0,1,,,,,,,1,,,,,,,,,,,,,0,,,,,,,,,,,0,,,,0,,,,,,,,,,,,,,0,,,0,,,,,,0,,0,,0,,,,,,,,,,0,,,,,,,,,0,,0,,,,,,,,,,,0,,,,,,,,,,,,,,,,,,,,,,,,,,,,0,,,,,,,,,,,,,,,,,,,0,,,,,,,,,,,,,,,,,,,,,,,,0,,,1,,,,,,,,,,,,,,,,0,0,,,
Pimozide,,,,,,,,,,,,,,,,,,,,,,,,,,0,,,,,,0,,,,,,,,,0,,,,,,,,,0,,,,,,,,,,0,,0,,,,,,,,,,,,,0,,,1,,,,,,,,,,,,,,,,,,0,,,,,,,,0,,,,,,,,,,,,,,,0,,,0,,,0,,,,,,,,,,,,,,,,,,,,,,,0,,,,,,,,,,,,,,,,,,0,,0,,,,,,,,,,,,,,,,,,,,,,,,,,,1,,,,,,,,,,,,,,,,,,,,,,,,,,,,,,,,1,,,,1,,,0,,,0,,,,0,,,1,,,,,,,,,,
Pindolol,,,,,,,,,,,,,,,,,,,1,,,0,,,,0,,,,,,0,,,,,,,,0,,,,,,,,,,,,,,,,0,,,0,0,0,,0,,,,,0,,,,,,,,,,,,,,,,,,,,,,,,,,,,0,,,,0,,,,,,,0,,,,,,,,,,0,,,,,,,,,0,,,,,,,,,,,0,,0,,,,,,,,,,1,,,,,,,,,,,,,,0,,,0,,0,,,,,0,,,0,,,,,,,,,,,,0,1,,0,0,,,,,,,,0,,,0,,,,,,,,,,,,0,,,,,,,,,,,,,,,,,,,,,,,,,,,,,,,,,,,0,,,,
pioglitazone,,,,,,,,,,,,,,,1,,,,,,,,,,,,,,,,,,,0,,,,0,0,,,,0,,,,1,0,,,,,,,,,,1,,,,,,,0,,,,,,,,,,,,,,,,,0,,,,0,,,,,,,,1,,,0,,,,,,,0,0,,,0,0,0,,1,0,1,0,,0,0,,,,,,,,,,0,,,,,,,,,,0,,,,,,,,,,,,,,,,,,,,,1,,0,,,,,,,,,,,,,,,,,,,,,,,,,,0,,,,,0,0,,,,0,,,0,,1,0,,,,,,,,,,,,,,,,,,,0,,,,,,,,,0,,,,,,,,,,,,,,,,,,,,,,,
Pirenzepine,,0,,,,,,,,,,,,,,,,0,,,,,,,,0,,,,,,,,,,,,,,0,,,,0,,,,,,,,,,,,,,,,,,,,,,,,0,,,,,,,,,1,,,,,0,0,,,,,,,,,,,,,,,,,,,,,,,,,,,,,,,,,,,,,,1,,,,,,,,,,,,,,,,0,,,,,,0,,,,,,,,,,,,,,,,,,,,,,,,,,,0,,,,,,0,,,,,,,,,,,,1,,,,,,,,,,,,0,,,,,,,,0,,,,,,,,,,,,,,,,0,,,,,,,,,,,,,,,,,,,,,,,,,1,,,,,
Piroxicam,,0,,,,,,,,1,,0,,,,,0,,,,,,,0,0,0,,0,0,0,,,0,,0,,0,,,,,,0,,0,,,0,0,,,0,0,,,0,,,0,,,,,,,,,,0,,,,0,,0,0,,,0,,,0,,,,0,,,,,,,0,1,,,,,0,0,0,,,0,,,0,,,,,,0,,0,,,,,,0,0,,0,,0,,0,,0,,,,,,,,,0,,,,0,,,,,0,0,0,0,,0,,,,,,,0,,,0,,,0,,,,,0,,0,,,,,,,,,,,,,,0,0,,0,,,,,,,,,,0,,,0,,,0,,,,,,,,,0,,,,,1,,,0,0,,,,,,0,0,1,,,,,,,,0,0,,0,,0,,,,,,0,,,
Prazosin,,,0,,,,0,,,,,0,,0,,,,,,,,0,,,1,0,,,,0,,0,,,,,,,,,,,,,,,,,,0,,,,,,0,,,,,,,,,,,,,,,,,,1,,,,,0,,,,,,,,,,,,,,,,,0,0,,,,,0,,,,,0,,0,,,0,,,,,0,,0,0,,,,,,,,,,,,,0,,,,,,,,,,,,,,,,,,,,,,,,,,,,,,,0,1,0,0,1,0,,,,,,,,,,,,,,,,0,,,1,,,,,1,,,,,0,,0,,,,,,,,,,,,,,,,,0,,,,,,,,,,,,,,0,,,,,,,,,,0,,,,,,,,1,,,,,
Prednisolone,0,,0,1,,1,,,,,,,,,,,,,,,,,,1,1,0,,,,,,0,,,,1,,,1,0,,,,0,,,0,,0,,1,,,,,0,,,,1,,,,,0,,1,,,,,,,,,,,,,,,,,,,,0,,1,,,,,,,,0,,,,,1,0,,,0,,1,,,,,,,0,,0,1,,,,,,,,,,,,,,,,,,1,,,,1,,,,,,,,,,,,1,,,,,0,1,0,,,1,1,1,,,0,,,,1,1,,,,0,,,1,,,,,,,,,,,,,,,,,,,,,0,1,,,,,,,,,,,,1,1,,,,,,,1,0,1,1,,,,,,,,,1,,,1,,,,1,,,,,1,1,,,,0,,1,,1
Prednisone,,0,0,,,,,,,,,,,,,,,,,,,1,,1,0,,,,,0,,0,0,,,,,,1,,,,,,0,,0,0,,,1,,,,,,,,,1,,0,0,,,,1,,0,,,,,,1,,,,0,,,0,,,,0,0,1,1,,1,,,,,0,,,0,0,,1,,,,,0,1,,,,,,,0,,,0,1,1,0,,,0,,0,,,1,,,,,,,,,,,,,,,,,,0,,0,,0,1,0,,,,1,1,1,,,1,,1,,0,0,1,1,0,1,1,,,,0,,1,1,,,,,,0,,,0,,,,0,,,,,,,,0,1,,0,,1,,,,,,0,,,1,,,,,,,1,0,1,1,1,,,,1,,,,,,,,,1,,1,,,,,1,1,,0,,0,,1,,1
Primidone,,,,,,,,0,,,,0,0,,,,0,,0,0,,,,,,,,,,,0,,0,,0,,,,0,0,0,,,,0,,,,,,,0,,,,,,,0,0,,0,,,0,,,,,,,,,,,,,,,0,,0,,,,0,,,,,0,,,,,0,,,,0,0,,,0,0,,0,,,,,,0,,,,,0,,,,0,,0,,,,,0,,,,,0,,0,1,0,,,,,0,1,0,,0,,0,0,0,,,,,,,,,,0,,,,,0,0,,,,,,0,,,,,,,,0,0,,,,,0,0,,,,0,,,,,,,,0,,0,0,,,,,,,,,,,,0,,,,,,,,,,,,,,,,0,,,0,,,,,,,,,,0,,0,,,,0,,,,
Probenecid,,0,0,,,,0,,0,,,,,,,,,,,,,,,,,0,,,,,,0,,0,,1,,,,0,,,,,,,,0,,,,,,,,,,,,,,0,,,,,,0,,,,,,0,,,,,,,,,,,,0,,,,,,,0,,,,0,,,0,,,,0,,0,0,,,,,,0,,,,,0,,,,,,0,,,,,0,1,,,,0,,,,0,,,,,,,,,,,,,0,,,,,,,,,,,,,,,,,,,0,,,,,,0,,,,,,,,,,,,,0,,,,,,,,,,,,0,,,,,,,,,,,,,,,,,,,,,,,,,,,,,,0,,,,,,,,,,,,,,,,,,,,,,,
Procarbazine,,,,0,,,,,,,,0,,,,,,,,,,,,,,,,,,,,0,,,,,,0,,0,,,,,,,,,0,,,,,,,,,,1,,,0,,,,,,,,,0,,,,,,,,,,,,,,,,,,,,,,,,,,,,,0,,,,,0,,0,,,,,,,,0,0,,0,,,,,,,,,,,,,,,,,1,,,,,,,,,,,,,,,,,,,,,1,,,,,,,,,,,,0,0,,,,,,,0,,,1,,,,,,,,,,,,,,,,,,,,,0,,,,,,,,,,,,,,0,,,,,,0,,1,1,1,,,,,,,,,,,,,,,,,,,,,1,,,,,,,,,
Prochlorperazine,,0,0,,,,0,,,,,0,,,,,,0,,0,,,,0,0,0,,,,,,0,,0,,,,0,,0,,,0,,0,,,0,0,0,,,,,,,,,,,,0,,,,,,,,,,,,,0,,,,,0,,0,,0,,,,0,,,,,0,,,,,,,0,,,,,0,,0,,,,,,0,,0,0,,1,,,,,,0,0,0,0,,,,,,,,,,,,,,,,,,,,0,,0,0,,,,,,,,,,,,,,,,,,,,,,,,,0,,0,,0,,,,,1,,,,,,,,,0,,,,,,,0,,,0,,,,,0,,,0,,,0,,,,,,,,,0,,,,,1,,0,,,,1,0,,,,,,,,0,,0,,0,,,,,,,
Procyclidine,,0,,,,,,,,,,,,,,,,,,,,,,,,,,,,,,0,,,,,,,,,0,1,,,,,,,,1,,1,,,,,,,,,,,,,1,,,,,,,,,,,,,,,,,0,,,,,,0,,,,,,,,0,,,,,,,,,,,,,,,,,,,,,,0,,,,,,,1,,,,,,,,,0,,,0,,,,,,,,,,0,0,,,,,,,,,,,,0,,,,,,0,,,,,,,,,,,,,,,,,,,,,,,,,,,,,,,,,,,,,,,,,,,,,,,,,0,,,,,,,,,,,,,,,,,,,,,,,,,,,,,,,,,,1,,,,,
Progesterone,,0,0,,,,,,0,,,,0,,,,0,,,0,,,,,,,,,,0,,,0,,0,,,0,,,,,,,0,,,0,,,,,0,,,,,1,,0,0,,,,,,,,,,,,,,0,,1,,0,,,,,,,,,,,,,,0,,,,,,,0,,,,,,,1,,,,,,1,,,0,,,,,,,0,,,,0,0,,,0,0,0,,,,,,,,,,,,0,0,0,0,0,,0,,,,,,,,,,,,,0,,,,,,,,,0,,,0,,,,,,,,,,,,,,,,,,,,,,1,,,,,0,,,0,,,,,0,,,,,,,,0,,,0,0,,,,0,0,,,1,,,,,,,,,0,,,,,0,,,0,,0,,,,
Promazine,,,,,,,,,,,,,,,,,,,,,,,,,,,,,,,,,,,,,,,,0,,0,,,,,,,,0,,,,,,,,,,,,,,,,,,,,,,,,,,,,,,,,,,,,,,,,,,,,,,,,,,,,,0,,,,,,,,,,,,,,,,,,,0,,,0,,,,,,,,,,,,0,,,,,,,,,,0,,,,,,,,,,,,,,,,,,,,,,,,,,,,,,,,,,,0,,1,0,,,,,,,,,,,,,,,,,,,,,,,,,,,,,,0,,,0,,,,,,,,,,,,,,,,,,,,,,,,,,,,,,,,,,,,
Promethazine,,0,0,,,,0,,,,,,,,,,0,,,,,,,,0,0,,,,0,0,0,,,,,,,0,,,,,,,,,0,,0,,1,,,,0,,,,,,0,,,,,,,,,,,,0,,,1,,,,,0,,,,0,,,,,,,,,,0,,,0,0,,,,0,,,0,,,,,,0,0,0,,,0,,0,,,,0,,0,,,,,,,,,,,,,0,,,,,,,,0,0,0,,0,,,,,,,,,0,,,0,,,0,0,,,,,,0,,,0,,,,,,0,,,0,,1,,,,,0,,,,,,,,,,,0,,,,,,,,,,,,0,,,0,,0,,,,,,,0,,,,0,,,0,,,,,,,,1,,0,,,,,,0,,,,
Propafenone,,,,,,,,,,,,,,,,,,0,,,,,,,,,,,,,,0,,,,,,,0,,,,0,0,,,,0,,,,,,,,0,,,,,0,,,,0,,,,,,,,,,,,,,,,,0,,,,,,0,,,,,,,,,,,,0,,,,,,,0,,,,,,0,,0,,,0,,,,,,,,,,,,,,,,,,,,,,,,,,,,,,0,,,,,0,,,,,,,,,,,,,0,,,,,,,0,,,,,,,,,,,,,,,,,,,0,,,,,,,,0,,,,,,,,,,,,,,,,,,,,,,,,,,,,,,,,,,,,,,,,,,,,0,0,,,,,0,,,,
Propofol,,,0,,,,0,,,,,,,,,,,,,,,0,,,,0,,,,,,,,,,,,,,,,,,,,,,,,,,,,,,0,0,1,,,,,,,,,,,,,,,,,,,,,,,,0,,,,,,0,,,,,,,,,0,,,,,,,,0,,,,,,,,,,,,0,,,0,,,,0,0,,,,,,,,,,,,1,,,,,,,,,,,0,,,0,,,,,,,,,,0,,,,,0,,0,,,,,,,,,,,,,0,,,,,,,,,,,,,,,,,,,,,,,,,,,,,,,,,,0,,,,,,,,,,,,,,,,,,,,,,,,,,,,,0,,,,,,,,,,
Propranolol,,0,0,,,,1,,,,,,,,,1,0,,,0,,,1,,0,0,,,,,1,0,,,,,,1,1,,,,1,,,1,1,0,,1,,,,,,0,0,,,,,,,,,,,,,,,,1,1,,1,,,,,,0,1,,,0,,0,,,,,0,,,,0,,1,,,,0,,0,,0,,,,,,,,,,,0,,,,0,,,,0,,0,,,,,,0,,,,,0,,,1,,1,,,,,0,0,,,0,,,,,,,,,,,1,,0,,,,,,,1,,,0,,,,,,,,,,,0,0,1,1,,1,,0,,,,,,,,,,,,,,,,,,,,,,,,,,0,,,,,0,,0,,,,,,,0,1,,0,,,,,,,0,0,,,,1,0,,,,
Propylthiouracil,,,,,,,,,,,,,,,,,,,,,,,,,0,0,,,,0,,0,,0,,,,,,,,,0,,,,,,,,,,,,,,0,,,,,,,,,,,,,,,,,,,,,,,,,,,,,,,,,,,,,,,,,,,,,,,,,,,,,,,,,,,,,0,,,,,,,,,,,,,,,,,,,,0,,,,,,,,,0,,,0,,,,,,,,,,,,,0,1,,0,,,,,0,,,,,,,,,,,,,,0,,,1,,,,,,0,,,,,,,,,,,,,,,,,,,,,,,1,,,,,,,,,,,,,,,,,,,,,,,,,,,,,0,,,,,,,,
Pyridoxine,,0,0,,,0,0,,0,,,,,,,,1,,,,,,,,0,0,,,,,0,,,0,0,,0,0,,,,,,,0,,,0,0,,,,1,,,0,0,,,,,0,0,,,,,,,,,,,0,,,,,0,0,,0,,,,,,0,,1,1,,,,,1,,,,,,,0,1,0,,0,,,,,,,,0,0,,0,,,,,,0,1,0,0,,0,,,,0,,,,,0,1,,,,,,,1,0,,,,,,,,,0,,,,,0,,0,,,,,0,0,,,,0,0,0,0,0,,0,,,,,,,,,,,0,0,0,,,,,,,,0,,,0,,,0,,,1,,,,,,0,,,,0,0,,,,0,,0,,,,,0,,,0,,,,,,,,,,,0,,,,0,,,,,
Pyrimethamine,,,,,,,0,,,,,,,,,,,,,,,,,,,,,,,,,0,,,,,,,,0,,,,,,,,,,,,,,,,,,,,,,,,,,,,,,,,,,,,,,,,,,,,,,,,0,,,,,,,,,0,,,,,,,,,,,,,0,,,,,,,0,,0,,,0,,,,,,,,,,,,,,,,,,,,,,,,,,,,,,,,,,,,,,,,,,0,,,,,,,,,,,,,,,,,0,,,,,,,,,,,,,,,,,,,,,,,,,,,,,,,,,,0,,,,,,,,,,,1,,,,,,,,,,,,,,,,,,,,,,,,0,,,,
Quinidine,,0,0,,,0,0,0,,0,,,,,,,,,0,0,,,0,0,0,,0,,0,0,0,0,0,0,0,,0,0,,,0,,0,1,0,,,0,,,,,,,,0,,,,0,0,0,0,,0,,,,,,,,,0,0,,,,0,,,0,,,,0,,,,,,,,,,0,0,,1,0,0,,,0,,,0,,,,,,0,0,0,,,0,,0,0,,,0,,,,,,,0,,,,,,,0,,,,0,0,0,,,0,,0,0,0,,0,,,,,,,,0,0,,,,0,0,,,0,,,0,0,0,0,,,,,,,,,0,,,0,,0,,0,,0,,,,0,,,,,0,,,0,,,,,,,,,,,,,,0,,0,,0,,1,,,,,0,,,0,,,,,,,1,,,0,0,1,,0,,0,,,,
Raloxifene,,,,0,,,,0,0,,,,,0,1,,,0,1,0,,,,,,,,,,0,,,,,0,,,,,,0,,,,0,,,0,,,,,0,,,,,1,,1,0,,0,,,,,1,,0,,,,,,,,,0,,,,,,,,,,,,,,,0,0,,,,,0,0,,,0,,,,,0,,,1,,,0,,,0,,,,,,0,,,,,,,0,0,0,,,,,,0,,,,,,0,,0,,,0,,0,0,,,,,,,,,,0,0,,,1,,,,0,,,,,,,,,,,,,,,,,1,,,,,0,,,,,,,0,,,,,,0,0,,,,1,,,,,0,,,0,,,0,,0,,,,,,,,,,,0,,,,0,0,,,,,1,0,,0,,,,,,
Ramipril,,,0,,,0,0,,,,,,,,1,,,,,,,,,0,,0,,,,0,,1,,1,,,,,,,1,,,,,,,,,,,,,,,0,0,,0,,0,,,,,0,,,,,,,,1,1,1,,,,0,,,,,,0,,0,,,,,,,,,0,,,,,,,0,0,,,,,,,1,,,0,,,0,,,,,,,,0,,,,,,,,,,,,,0,,,,0,,,,0,,0,,0,,,0,0,,,,0,,,,,,,0,,1,,0,,,,,0,,,,,,,0,,,0,,0,0,,,,0,1,,,,,,,,,,,,0,,,,,,,,,,0,,,,,,,,,,,,,,,,,,,,,,,,,,,,,,,,,,,,,,,
Ranitidine,,1,0,,,,,,,0,,,,,,,,0,,0,,0,,,0,0,,1,,0,,0,,,,,,,0,,0,,1,0,,,,,,,0,,,,,,0,,,1,,0,,,0,,,,,,,,,,,,,,0,,,,,,,0,,0,,,,,0,,,,,,,0,,,0,0,,,,,,,,0,0,,0,,0,0,0,0,1,,,1,,,,,0,,,,,,,,,0,0,0,,,1,,,,0,0,0,,0,,0,,,,,,,,,,,,,0,0,,,,0,,0,,,0,,,,,,,,,0,,0,0,,,,,,,,,,,,0,0,,,,,,,,,,,,,,,,,,,,,0,,0,,,,,,,,,,0,,,,,,,,,,,,,,,,0,,,,
Ribavirin,,0,,0,,0,,,,,1,,,,,,0,0,,0,0,,0,,0,,,0,0,0,,0,,,0,,0,0,0,,,0,,0,0,,,0,1,,,0,0,0,0,0,,,,0,,0,,,0,,,,,0,,,,0,,0,,,0,0,,0,,,,0,,,0,,,,,0,,0,,0,,0,0,,,0,0,,0,0,0,,,0,0,,0,,,0,,0,,0,,0,,0,0,0,0,0,,,0,,,,0,0,,,,,0,,0,,0,0,0,0,0,,0,,,,0,0,0,,0,,,0,,,,,,0,0,1,0,,,,,,,0,,0,0,0,0,,,0,,,,0,,,,,,0,,0,,,0,0,,,,,0,,,,0,,,,,,0,0,,0,,,,,0,,,,0,,,0,0,0,,,,0,0,0,,,,0,,0,0,,,0,,
Rifampin,,,0,,,0,0,,,,,,,,,,,,,,,,,0,1,,,,,,,,,,,,,,,,,,,,,,,,,,,,,,,,,,,,,0,,,,,,,,,,,,0,,,,,,,,0,,,,,,0,,,,,,,,,0,,,0,,,,0,,,,,,,,,,,,0,,,0,,,0,,0,,,,,,1,,,,,,,,,,,,,,,,,0,,,,,,,,,,,,,,,,0,,,,,,0,,0,,0,,,,0,,0,,,,,,,,,,,0,,,,,,,0,,,,,,,,,,,,,,,,1,,0,1,,,,,,,,,,,,,,,,,,,,,,,,,,,,,,,,,,,1,,,
Riluzole,,,,,,,,,,,,,,0,,,,,,,,,,,,,,,,,0,,,0,,,,,,,,,,,,,,,,,,,,,,0,,,,,,,,,,,,,,,,,,,0,,,,,,,,,,,,,,,,,,,,,0,0,,0,0,,,,0,,,,,,,,,,,,0,,,,,,,,,,,,,0,,,,,,,,,,,,,,,,,,,,,,0,,,,,,,,,,,,,,,,,,0,,,,,,,,,,,,,,,,0,,,,,,,,,,,,,,,0,,,,,,,,,,,,,,,,,,,,,,,,,,,,,,,,,,,,,,,,,,,,1,,,,,,,,,,
Risperidone,,,,,,0,,,,,,,,,,,0,,,,,,,,,0,,,,,,,,0,0,,0,,,,,,,,0,1,,0,,0,,0,,,0,0,,,,,,0,,,0,,,,,,,,,,,,,,,,,0,,0,,0,1,,,,,,,,,,0,,,,0,,,,1,,,,0,,,0,0,0,,,,,,,,0,,,,0,0,,,,,,,,,,0,0,,,,,,,,,,,,,,,,,,,,,,,0,,,,,,0,0,,,,,,,,,,,,0,,1,,,,0,,0,,,,,,,,,,,1,0,,,,,,,,,,1,,,,,,,,0,,,,,,,,,,,,,,,,0,,,,,,,0,,,0,,0,,,0,,,,,
rosiglitazone,,,,,,0,,,,,,,,,1,,,,1,,1,,,,,,,,,,,0,0,1,1,,,,,,1,,,0,,,,,,,,,,,,,,1,,1,0,,,,,,0,,,,,,0,0,0,1,,,,,,,,,,0,,,,,,,1,,,,,,0,,,,,,,,0,,,,1,1,1,,,,,,,,,,,,,,,,,,1,,,,,,,,,,,,,,,,,,,1,,,,,,,,,,1,,,,,,0,0,0,,,,,,,,,,,,,,,,,,0,,0,0,,,1,1,,,,,,,,,1,,,,,,0,,1,,,,,,,,,1,1,,,,,,,,,,,0,,,,,,,,,,,,,,0,,,,,,,,,
Scopolamine Hydrobromide,,0,,,,,0,,,0,,0,,,,,0,,,0,,,,,0,0,,,,,,0,,,0,,,,0,,,,,,0,,,0,0,,,,0,,,,,1,,,0,0,0,,0,,,,,,0,,,0,,,,,,1,,0,,,,0,,0,,,,,,,,0,,,,0,,,,0,0,,0,,,,,,,,0,0,,0,,,,0,,0,,,0,,0,,,,0,0,,,0,,,,,,,,,,0,0,,,0,,0,,,,,,,,,,0,0,,,,,,,,,,,0,,,,0,,0,0,,,0,,,0,,,,,0,,,,1,,,0,,,0,,,,,,,,0,,,0,,,,,1,0,,,,,,,,,,,0,,,,,,,,,0,,1,,1,0,,,,,0,,,,
Selegiline,,,,,,,,,,,,,,,,,,,,,,,,,,,,,,0,,,,,,,,,,0,,,,,,,,,,,,0,,,,,,,,,,,,,0,,,,,,,,,,0,0,1,,,1,,,,,,,,,,,,,,,,,0,,,,,,,,,,0,,,,,,,,,,,,,,,0,,,0,,0,,,,,,,,,,0,,,,,,,,,,,,,,,,,,,,,,,,,,,0,,,,0,,,,,,,,,,,,,,,,,0,,,,,,,,,,,,1,,,,,,,,,,,,,1,,,,,,,,,,,,,,,,,,,,,,,,0,,,,,,,0,,,0,,,,,1,,,,,
Simvastatin,,0,,,,0,0,,,,,0,,0,1,,,,,0,,,,0,,,,,1,,,,,0,,,,,,,1,,0,,,,,0,,,,,,,,0,,1,,,,,,,0,,,,,,,,1,0,,,,,,,,0,,,,0,,,,,,,1,,1,,,,1,,,,,,,,0,,,,,0,0,,,,,0,,,,,,0,,,,,,,,,,,,,,0,0,,,,,,,,0,,,1,,,,,0,1,,,,,,,,,,0,0,1,,,,,,,,0,,,,,,,,,,,,1,,,,1,1,1,,,,,,,0,,1,1,,,,,,,,,,,1,,,1,,,,,1,,,,,,,,,,,,,,,,,,,,,1,0,,,,,0,0,,,
Sirolimus,,,,0,,0,0,,0,,,,,,,,,,,,,,,0,,0,,,,,,,,0,0,,,0,,,1,,,,,,1,,0,,,,,,,,,,,,,,0,,,,,0,,1,,,1,,0,,,,,,,0,,,,,,1,,0,0,,,,,,,,,0,,,,,,,,,,,,1,,,0,,,,,,,,,,,0,,,,,0,,,,,,,,,,,,,,,,,,,,0,,,,,,0,0,0,,,1,0,,,,,,,0,,,,,0,,,,,1,,,,,,,,,0,,,,,,,,,,,0,,,,,,0,0,,,,,,,,,,,,,0,,,0,,0,,1,,,,,1,,,,,,,,,,,1,,1,,,,0,,0,,0,
Sotalol,,0,0,,,,0,,,,,,,,,,,0,,0,,,,,0,,,,0,0,,0,0,,0,0,,0,,,,,1,0,,,,0,,,,,,,,0,0,,,,,,,,,,,,,0,,,,0,,,,,,,,0,,,,,,,,,,,0,,,,0,,,0,,,,,,,0,,,,,0,,,0,,,0,,,,,,,,,,0,,,,,,,,,0,,0,,,,,,,,0,,,0,,,0,,0,,,,,0,,,,,,0,0,0,0,,,,,,,,0,,,,,,,,0,,,,,,,0,1,,,,,,,,,0,0,,,,,,,,,,,,,,,0,,0,,0,,,,,,,,,0,,,,,,,,,,,,0,,,,,0,,,,,,
Spironolactone,,0,0,1,,,0,,,,,,0,0,,,,,,,,,,,0,0,,,,,,,,0,0,,,1,0,,,,0,0,0,,1,0,0,,,,,,,0,0,,,,,0,0,,,,,,,,0,,1,1,1,,,,0,,0,0,,,,0,,0,,,,,,,0,0,,,0,,0,,,0,,,,,,1,,1,0,0,,0,0,,,0,,,,,,,0,0,0,,,,,,,,,,,,,,,,,,0,0,,1,0,,,,,,,,1,,0,,,,,0,,1,0,,,0,,,,,,,,,,0,,,,,0,0,1,1,,0,1,,,,,,,0,,,,,,,,,,,0,,,,,,,,0,,,,,,,,,,,,,,,,,,,,,,,,,,0,,,,,,0,,,
Streptomycin,,,,,,,,,,,,,,,,,,,,,,0,,,,,,,,,,,,,,,,,,,,,,,,,,,,,,,,,,,,,,,,,1,,,,,,,,,,,,,,,,,,,,,,,,,,,,,,,,,,,,,,,,,,,,0,,,,,,,,,,,0,,0,,,,,,,,,,1,,,,,,,,,,,,,0,,,,,,,,,,,,,,,,,,,,,,,,,,0,,0,,,,0,,,,,,,0,,,,,,,,,,,,,,,,,,,,,,,,,,,,,,,,,,,,,,,,,,,,0,,1,,,0,,,,,,,,,0,,,,,,,,,,,0,,,
Sulfadiazine,,,,,,,0,,,,,,,,,,,,,,,,,,,,,,,,,0,,,0,,,,,0,,,,,,,,0,,,,,,,,,,,,,,,,,,,,,,,,,,,,,,,,,,0,,,,,,0,,,,,,,,,0,,,,0,,,,,,,,,0,,,,,,0,,,,0,,0,,,,,0,,,,,,,,,,,,0,0,,,,,,,,,,,,,,,,,,,,,,,,,,,,0,,,,,,,,,,,,,0,,,,,,0,,,0,,,,,,,,,,,,,,,,,,,,,,,,,,,,,,,,,,,,,,,,,,,,,,,,,,,,,,,,,,,,0,,,,
Sulfasalazine,,,0,,,,,,0,,,0,,,,,,,,,0,,,,,,,,,0,,,0,,,,1,0,,0,,,,,,,,,,,1,,,,,,,,,1,,,,,,,,,,,,,,,,,,,,,,,,,,,,0,,,,,1,,,,0,,,,,1,,,,,,,,,,,,,0,,0,,0,,,,,,,,,0,,,,,,,,,,,,,,,,,,,,,,,,0,,,1,,,,,,,,0,,,,,,0,,,,0,,0,0,,,,,,,,,,,0,,,,,,,,,,,,,,1,,,,,,,,,,,,,,,,,,,,,0,,,,,,,,,0,,,,,,,,0,,,,,,,,,,,,,,0,
Sulindac,1,0,0,,,,,,1,1,,,,,,,,,,,,,,,,,,,,,,0,0,,1,,,0,,,,,,,,,,0,,,,,,,,,,,,1,,,,,,0,,,,,0,,,0,,,1,,0,,,,,,,0,,0,,,,,,1,1,,0,,,,,,,0,,,,,,,,,1,1,0,,0,,,,0,,,0,,,0,,0,,,,1,,,,,,,,,,,,,,0,,,0,0,,,,,,,,,,,,0,,0,,,,0,,0,,,,,0,,,,,,,,,,,,0,,,,,,,,,,,,,,,,,,,,,,,0,,,,,1,,,,1,,,,,,0,1,,,,,,,,,,,,1,0,,,,0,,,,,,,,,,
Sulpiride,,,,,,,,,,,,,,0,,,,,,1,,,,,0,0,,1,,,0,,,,,,,,,,,,,0,,,,,0,0,0,1,,,,1,,,,,0,,,,0,,,,,,,,,0,,,0,,,0,,,,,,,,,,,,,,0,0,,1,,,,,,,,0,0,,,,0,,0,,,,,0,,0,,,0,,,,,0,0,,,,,,,,,0,,,,,,0,,,,,,,,,,,,,,,,,,,,,,1,,,0,,,,,,,,0,,,,0,,,,,0,0,,,,,,,,,0,,1,,,,,,,0,,,,,,,,,,,0,,0,,,,,,,,,,,,,,1,,,,,,0,,,,0,,,0,,,,,0,0,,,,
Tamoxifen,1,0,,,,0,,,0,0,,,,,,,,0,,0,,,,0,0,,,0,,0,,0,,0,0,,,0,0,0,,,,,0,,,0,0,,,,0,1,,,0,,0,0,0,0,,,,,,0,,,,,,0,0,0,,,0,,,0,,,,,,,,,0,,0,,,,,0,,0,,,,0,,,1,1,,,,1,,,,0,,,,,,,,,0,0,0,0,0,,0,0,0,,,,,,0,,,0,0,,,0,0,0,0,0,,,0,,,1,,,,0,,,0,,,,,,,,,,0,0,,0,,,,,0,,0,,,,,,,,,,0,,,,,,,0,,,0,,0,0,1,,,,1,,,0,,,0,,,1,,0,,,,,1,,,,,,,0,1,,,,,,,,,,1,,,,0,0,0,,,
tenoxicam,,,0,,,,0,,,,,,,,0,,,,,,,,,,,,,,,,,,,,,,,0,,,,,,,,,,0,,,,,,,,,,,,,,,,,,,,,,,,,,,,,,,,,,,,,,,,,,,,,0,,,,,,,,,,,,,,,,,,,,,,,,,,,,,,,,,,,,,,,,,,,,,,,,,,0,,,,,,,,0,,,,,,,,,,,,,,,,,0,,,,,,,,,,,,,,,,,,,,,,,,0,,,,,,,,,,,,,,,,,,,,,,,,,,,,,,,0,,,,,,,,,,,,,,,,,,,,,,,,,,,,,,,
Terazosin,,0,,,,,0,,0,,,,,,,0,,0,,,,0,,0,,0,,,0,0,,0,0,0,0,0,,,,,,,0,,0,,,0,,,,0,,,,0,,,,,,,0,,,,,,,,0,,,0,0,,,,0,,,0,,,,0,,,,,,,,,,,,,0,0,0,,0,,0,,0,,,,,,,,0,,,0,,,,,,,,0,,0,0,,,,,,,,0,0,,,,,,,,,0,,,,0,,,,,,,,,,0,,,,,,0,,,,,,,0,,0,,,0,,,,,,0,,,1,0,,,0,0,,,,,,,,,,0,,,0,,,,,0,,,,0,,,,,,,,,,0,,,,,,0,,,,0,,,,,,,,,,,,,0,,0,,,,
Terbutaline,,0,0,0,,,,,,,,0,,1,,,,,,,1,0,,0,,0,0,,,0,0,0,,,,,,0,1,,,,,0,0,,0,,,,,,,,,1,0,,,,0,1,0,,,,,,1,,,,,,0,,,,,,,,,,,,0,0,0,,,,0,,,,,,,1,,,0,0,,,,,,,,,,,,,,,,,0,0,1,,,,,,0,,,,,,,,,,,,,,,,,,,,0,,,,,,,,,,,0,,,,,,,,0,,,,,,,,,,,,,,,,,0,,,,,,,0,,0,,,,,,,,,,,,,,,,0,,,,,0,,,,,0,,0,,,,,,,,,,,,,,,,0,,,,0,,,,,,0,,,0,,,
Testosterone,,0,0,,0,,0,,0,,,,,,,,,0,,1,,,,,,,,1,,,,,,,,,,,,,,,0,,,,,0,,,,,,,,,,,,,,,,,,,,,,,,,,0,0,,1,,,,,0,,,,,,,,,,,,,0,,,,,,,,,0,,,,,,,,,,,0,,,0,,,,,,0,,,,,,,,,,,,,,0,,,,,,,,,1,,,0,,,,,,,0,,,0,,,0,,,,,1,0,0,,,,,,,,1,,,,0,,,0,,,,0,0,,,,,,1,,1,,,,,,,,0,,,,,,,,,,,,,,0,,,,,,,,,,,,,,,,,,,,,,,,,,,,,,0,,,,
Tetracycline,,0,,1,,0,,,,,,,0,,,,0,0,,,,,,,0,,,,0,0,,0,,,0,0,,,,0,1,,,,0,,,0,,,,,0,,,,0,,,0,,1,,,0,,,,,,,,,0,,,,,0,,,0,0,,,0,,,,,,0,0,,,,,,,,,0,,,,,0,,,,,,,0,1,,,0,,0,0,,,0,,0,0,0,0,,,,,,,,0,0,0,,,,,,0,,0,0,,,,,,,,,,,,,,,,,,0,,,0,,,,,,,,,,0,,,,,,0,0,0,,,,,0,,,,,0,,,0,0,,0,,0,,,,,,,,,,,,,,,,,,,,,1,,,,,,,,0,,,,,,,,,,,0,,,,,,,,,
Thalidomide,,0,,,,,,,0,,,,,,,,,,,0,0,,,,0,0,1,0,0,0,,0,,0,,,,,0,,,,0,,0,,,0,0,,1,0,,,,0,,,0,,0,0,,,0,,,,,,1,,,,,,,,0,,,0,,,,0,,1,,,,,1,1,,,0,,,0,0,1,,0,,,0,,,,,,,0,0,0,,0,,,,0,,0,,0,,,0,,,,,,1,,0,0,,1,,,0,,,,0,0,,,,,0,,1,1,,,,,,1,0,,,,0,1,,,,,0,,,0,,,0,,,,,,,,,0,,1,,,0,0,,,0,,,0,,,0,0,,0,,,,,,1,1,1,0,,,,,,,1,,1,,,1,,,,,1,,,,,,,0,0,0,,,,1,,,,,0,,,,
Theophylline,,0,0,,,,0,,,,,,,1,,,0,,,,,0,,,0,,,0,,,1,0,,,,,,0,1,,,,,,,,,0,,,,,,,,0,,,,,,1,,,0,,,,,,,,,1,,,1,,0,,,0,,,,1,,,,,,,0,,,0,0,,0,0,,,0,,,,0,,,,,,0,,0,,,0,0,0,,,,0,,0,,,1,,,,,,,,,0,0,,,,0,1,,,,,,,,,,,,,,,,,,,,,,1,0,,,,,,,,,0,,,,,,,,,0,,,0,,,,0,,,,,,,,,,,,,,,0,,,0,,,,,,,,,,1,,,,,,,,,,,,,,,,,,,,,,,,,,,,,,,,,,
Thiamine,,,1,,,,0,,,0,,,,,,1,0,,,0,,,,0,0,0,,,0,,,,,0,,,,0,,0,,0,,,0,,,,0,,,1,,,,0,,,,,0,,0,,,,,,,,,,,1,,,,,1,0,,0,1,,,,,0,,1,1,,,,,0,0,,,0,0,,,0,0,0,0,0,,0,,0,,,,,,0,,,0,,,,,,0,,0,,,,,,,,0,,,,,,,,,,,0,0,0,,,,,,,,,,0,,,,,,0,,1,0,,,,0,0,,,,,,,0,,,,,,,0,,,,,,,,,,,,0,,,0,,,,,,,,,,,,,,0,,,,,0,,,,,,,,,,,,,,,0,1,,0,,0,,,0,,,0,,,,,,
Thiethylperazine,,,0,,,,,,,,,,,,,,,,,0,,,,,,,,,0,,,,,0,,,,0,0,,,,,,0,,,0,,0,,,,,,,,,,,,0,,,0,,,,,,,,,,,,,,0,,,0,,,,,,,,,,,,,,0,,,,,,,,,,,,,,,,,,,1,,,,,,,0,,,0,,,,0,,,,,,,,,,,0,,,,,,,,,,,,,,,,,,,,,,,,,,,,,,,,,,,0,,,,,,,,,,,,,,,,,,,,,,,,,,,,,,,,,0,,,,,,,,,,,,,,,,,,,,,,,,,,1,,,,,,,,,,0,,,,,,,0,,,
Thioridazine,,0,,,,,,,,,,,,,,,,0,1,,,,,,0,0,,1,0,,,0,,,0,,,0,0,,,,,,0,,,0,,,,1,,,1,0,,,,,,0,,,,,,,,,,,,,,,,,0,,,,,,,0,,0,,,,,,,,,0,,,0,0,,,,1,,,,,,,0,0,,0,,,0,,,0,,,0,,0,,,,,,,,,,,0,0,0,,,,,,,,,,,,,,,,,,,,,,,,,,1,0,,,,,,,0,,,,,,,,,,,,0,,,0,,,,,,,,,,,,,,,,,,,,,,,0,,,,,,,0,,,,,,,,,,,,,1,,,0,,,,,,,0,,,0,,,,,,,,,,
Ticarcillin,,,0,,,,1,,0,,,,,,,,,,,,,,,,,,,,,,,,,0,,,,0,,,,,,,0,,,0,1,,,,,,,0,,,,,0,0,,,,,,,,,,,,,,,,,,,,0,,,,0,,,,,,,0,,,0,,,,,,,,,,,0,,,,,,,0,0,,,,,0,,,,0,,,,,0,,,,,,,,,,,,,,,,,,0,,,,,,,,,,,,,,,,0,,,,,,0,,,,0,,0,0,,,,,,,,,,,0,,,,,,,,,,,,,0,,,,,,,,0,,,,,,,,,,,,,,,,,,,,,,,,,,0,,,,,,,,,,,0,,,,,,,,,
Ticlopidine,,0,,,,0,,,,,,,,,,,,,,,,0,,,0,0,,,,,,0,,,,,,,,,1,,,,,,,,1,,,,,,,0,,,,,,,,,,,,,,,,,,,,,,,,,,,0,,1,0,,,,,,,,,,,0,,,0,,,,,,,,,,,,,,,0,,0,0,0,,,,,,,0,0,,,,,,,,,,0,,0,,,,,,,,,,,,,,,,,,,,,,,,,,,,,0,,,0,0,,,,,,,,,,,,,,,,0,,,,,,,,,,,,0,,,,,,,,,,,,,,,,,,,,,,,,,,,,,,,,,,,,,,,,,,,,0,,,,,,,,,,
Timolol,,,0,,,,0,,0,,,,,,,,,0,0,,,,,0,,,,,0,0,0,0,,,,,,,,,,,,0,,,,,,,0,,,,,0,,,0,,0,,,,,0,,0,,,,,,,,,,,0,,,,,,,,,,,,,,,0,,0,,,0,,0,,,0,0,0,,,,,,0,,,0,,,0,,0,,,,,,,,0,,,,,,,,,0,,,,,,0,,0,,,,,,,,1,1,,,,,,0,,0,0,,,,0,,,0,,,,,,,,,,,,,,,,,,1,,,,,0,,,,,,,,,,,,0,,,,,,,,,,,,,1,,,,,,,,,,0,,,0,,,,,,0,,,0,,,,0,0,,,,,,,,,
Tobramycin,,0,0,,0,,0,,,0,,,,,,,,,,0,,,,,0,0,,,0,,,0,,0,,,,0,0,,,0,,,0,,,0,1,,,0,0,,,,,,,,1,0,,,,,,,0,,,,,0,,,,,0,,,0,,,,,,,,,,,0,,,0,,,,0,,,0,,0,,0,,0,,,,,,0,0,0,,0,0,,0,,0,0,,,0,0,1,,,,,,,0,,,,,,0,,,,0,0,,,0,,0,,,,0,,,,,,,,,,,0,,,,,0,0,0,0,,,,,,,,,,,0,,,,,,0,,,,,,,1,,,0,,,0,,,,,0,,,,0,,,,0,0,,,,0,,,,,,,0,,,,,,,,,0,,,,,0,0,,,,0,0,,,
topiramate,,,0,,,,,,,,,,,,,,1,,,0,,,0,0,0,,,,0,,,,,,0,,,,0,,,,,,0,0,,0,0,,,1,,,,,,1,,,,,,,0,,,,,,,,,0,0,,,,,,,,,1,,0,1,,,,,1,0,,,0,,,,0,,0,,0,,,,,,,,0,0,,0,,,0,,0,,,,,,,,,,,,,0,,,,1,,0,,,,0,,,,0,0,0,0,,,0,,,,,,,1,,,,0,,,,,,0,,0,,,,,,,,,,,,,,,,,,,,,0,,,,,,0,,,,0,,,,,,,1,,,,,,0,,,,,,,0,,,,,,,,0,,,1,,1,,,,0,,,,0,,0,,0,,0,0,,,
torsemide,0,,0,,,,0,,,,,,,,,,0,,,,,,,,,,,,,,,0,,,,,,1,0,,,,0,,,,,,,,,,,,,0,0,,,0,,,0,,,,,,,,,,,,1,,,,,,,0,,,,,,0,,,,,0,,,,0,,,0,,,0,,,,,,,,,,,,0,0,,,0,,0,,,,,,,,0,,,,,,,,,,,,,,,,,,0,,,1,0,,,,,,,,0,,0,,,,,0,0,1,,,,,,,,0,,,,,,,,,,,,1,,0,,1,,,,,,,,0,,,,,,0,,,,,,,,,,,,0,,,,,,,,,,,,,,,,,,,0,,,,,,,,0,,,,,,0,,,
Tranexamic Acid,,,,,,,0,,0,,,,,,,,,,,,,0,,1,,0,,,,,,,,,,,,0,,,,,,,0,,,,,,,0,,,,,,,,,,,,,0,,,,,,0,,,,,,,,,,,,,,,,,0,,,,,,,0,0,0,,,,0,,,,0,,,,,,,,,,,0,0,,0,0,0,,,,0,,,,,,,0,,,,0,0,,,0,,,0,,,,,,,,,,,,,,,,,,,,,,,,,,,,,,,,,,0,,,,0,,,,,,,,,,,,,,,,,,,0,,,,1,,,,,,,1,,,,,,,,,,,,,,,,,,,,,,,,,,,,,,,,,,0,,,,,,,,,
Tranylcypromine,,,,,,,,,,0,,,,,,,,0,,0,,,,,,,,1,,,,,,,0,,,,,0,,0,,,,,,,,,,1,,,,,,,,0,,,,,,,,,,,,,,,,,,,0,,,0,,,,,,,,,,,,,,0,,,,,,,,,,,,,,,,,,,,,,,,,,,,,,,,0,,,,,,,,0,,,,,,,,,,,0,,,,,,,,,,,,,,,,,0,,,,,,,,,,,,,,,,,,,,,0,,,,,,,,,,,,1,,,,,,,,,,,,,,,,,,,,,,,,,,,,,,,,,,,,,,,,,,,,0,,,0,,,,0,,0,,,,
Trazodone,,,,,,0,0,,,0,,,,,,,,0,1,0,,,,,,0,0,1,,,,0,0,0,,,,,,0,,,,,0,,,0,,,,0,,,,,,,,,,0,,,0,,,,,,,,,,,0,1,,0,,,0,,,,1,,,,,,,,,,,,,,,0,,,0,1,,0,0,0,,,0,0,0,0,,,,0,,,,0,,,,0,,,,,,0,,,,0,1,,,,,,1,,,0,0,0,,0,0,,,,,,,,0,,,,,,,0,,,,,,,,,,,,,,,,,,,,,0,,,,,0,,,,,,,,,,0,,,,,,,,0,,,,,,,,,,,,,,,,,,,,1,,,0,,0,,,,0,,,,0,,0,0,,,,,,,
Tretinoin,,0,,1,0,,,,,0,,,0,,,,0,0,,0,,,,,0,,,0,0,0,,0,,0,0,,,0,1,,0,,,,0,,0,0,,,0,0,,,0,,,0,0,1,,0,,1,0,0,,0,,,,,,,,,1,,1,0,,0,,0,,0,,,,,0,,0,,,,,0,,0,0,0,0,0,,,0,0,,,,,,,0,,,0,,0,0,,0,0,,0,0,0,,0,,1,0,,,0,0,0,0,,,0,0,,0,,0,0,0,1,0,,,,1,,0,0,1,0,0,,0,0,0,,0,,0,0,0,,0,,0,,,,,,0,0,,0,,,,0,,0,,,0,,,0,,,,,0,0,0,,,1,,,,0,0,,,1,,,,0,,0,0,,,,,,1,0,,,0,,,0,,,,,,0,0,,,,1,0,,,,0,,,0,
Triamcinolone,,0,,,,,0,,,,,,,,,,,,,,,0,,,0,,,0,0,,,,,,0,,0,,0,,,,,,0,,,0,0,,,,,,,0,,,,0,,0,,,,,,0,,,,,,,,,,,0,,0,0,,,,0,,,,,,,0,,,,0,,0,0,,,0,0,,,0,0,,,,,,1,0,,0,0,,0,,,,0,0,,0,,1,,,,,0,,,0,0,,,,,,,,,0,0,0,0,,,,,,,,,,,0,0,,,,,,0,0,,0,,,,,0,,,,,,,,,,,0,0,,0,,0,,,,,,,,0,,,0,,,,,,,,,,,,,,,,,0,,,,,,,,,,,,,,0,,,,,,,,,,0,,,,,,0,,,,
Triamterene,,0,,,,0,0,,,,,,,0,,,,,,0,,,,,0,0,,,0,,,1,,0,0,0,,1,,,0,,0,,,,,0,0,,,,,,,0,,,0,,,0,,,0,,,,,,,,,0,,,,,0,,,0,,,,0,,,,,,,,,,,,,0,0,0,,,0,0,,0,,,,,0,0,,0,,,0,,,0,0,,0,,,0,,,,,,,0,,,0,,,,,,,,,,0,,,,,,0,,,,,,,,0,,,,,0,,,,,,,,0,0,0,,,,,,,,,0,,,1,,,,0,,,,,,,,0,,,0,0,,,,,,,,,,,,,,,,0,,0,,,,,,,,0,,,,0,0,,,,,0,,,,0,0,0,,0,,,,,,
Trichlormethiazide,,,,,,,0,,0,,,0,,,,,,,,,,,,,0,,,,0,,,,,,,,,0,,,,,,0,0,,,,,,0,,,,,0,0,,,,,,,,,,,,,,,,,,,,,,0,,,,,,,,,,,,,,,,,,0,,,,,,,,0,,,,,0,,0,,,,,0,0,0,,0,,,,,,,0,,,,,,,,,,,,,,,0,,,,,,,,0,,,,,,1,,,0,,,,,,,,0,,,,,,,0,,0,,,,,,,,,,,1,,,,,,,,,,,,,,,,,,,,,,,,,,,,,,,,,,,,,,,,,,,,,,,,,,,,,,,,,0,,,,,,,,,
Trifluoperazine,,,0,,,0,,,,,,,,,,,,,,,,,,,,,,1,,,0,1,,,,,,,,,,,,,,,,,,,,1,,,,,,,,,,0,,,,,,,,,,,,,,,,,0,,,0,,,,0,,,,,,,,,,,,,,,,,,0,,,0,,,,,,0,0,,,0,,,,,,0,,,,0,,,,,,,,,,0,0,,,,,,,,,,,,,,,0,,,,,,,,,,0,,,,0,,,0,,,,,,,,,,,,,,,,0,,0,,,,,,,,,,,0,,,0,,,,,,,,,0,,,,,,,,,,,,,,,,,,,,0,,,0,,,,,,,0,,,0,,,,,,,,,,
Trihexyphenidyl,,,,,,,0,,,,,,,,,,,,,0,,,,,,0,,0,,0,,,,,,,,,,,,0,,,,,,,,1,,1,,,,,0,,,,,,,,0,0,,,,,,,,0,0,0,1,,,,,,,,,,,,,,,,,,,1,0,,,,,,,0,0,,0,,,,,,0,0,0,0,,,0,,,0,,,,,,,,,,,,1,,,0,,,,,,,,,,,,,,,,,,,,,,,,,,,0,,,,,,,,,,,,,,,,,,,,,,,,,,0,,,,,,,1,,0,,,,,,,,,,,,,,,,,0,,,,,,,,,,,,,,,1,,,,,,1,,,,,,,1,,,,,1,0,,,,
Trimethoprim,0,0,0,,,,0,,0,,,0,,,,,,,,,,,,,0,0,,,,,,,,,,,,0,0,,,,,,,,,0,,,,0,,,,,,,,,,,0,,0,,0,,,,,,,0,,,,,,,,0,,,,,,0,,,,,,,,0,0,,,0,,,,0,,,0,,,,,,,,0,0,,0,,,,,,,,0,,,,,,,,,,,0,,0,,,,0,,,,0,,,0,0,,,,,,,,,,,,0,,,,,,0,0,0,,0,,,0,,,,,0,,,,0,,0,,,,,,,0,,,0,,,,,,,,,,0,,,,0,,,,,,,,0,0,,,,,,,,,,,,,,0,,,,,,0,,,,,0,0,,,,,,,,
Trimipramine,,,0,,,,,,,,,,,0,,,,,,0,,,,,,,,,0,0,,0,,,,,,,,,,,,0,,,,,,0,,,,,,0,,,,,,,,,,0,,,0,,,,,0,,,,0,,,,,,,,,,,,,,,,,,0,0,,,,,,,,0,,,,,,,,,,,,,,,,,,,,0,0,,0,,,,,,,,,0,,,,,,,,,,0,,,0,,,,,,,,,,,,,,,,,,,,,,,,,,,,,,,,0,,,0,,,,,0,,,,,,,,,,,,,,,,,,,,,,,,,0,,,,,,,,,,,1,,,,,1,,,,,,0,,,,,,,,,,,,,,0,,,
Triprolidine,,,,,,,,,,,,,,,,,,,,0,,0,,0,,,,,,,,0,,,0,,,,,,,,,,0,,,,,,,,,,,,,,,,,,,,,,,,,,,,,0,,,,,,,,,,,,0,,,,,,,0,,,,,,,0,,0,,,,,,,,,,,,,,,,0,,,0,0,,0,,,,,,,,,,,,,0,,,,,,,,,,,,,,,0,,,,,,,,0,,,,,,,,,0,,,,,,,,,,,,,,,,,,,0,,,,,,,,,,,,,0,,,,,,,,,,0,,,,,,,,,,,,,,,,1,,,,,,,,,,,,,,,,,0,,,,,,,,,,
Tropicamide,,,,,,,,,,,,,,,,,,,,,,0,,,,,0,,,,,,,,,,,,,,,,,,,,,,1,,0,,,,,0,,,,,,,,,,,,,,,,,,,,,,,0,,,,,,,,,,,,,,,,,,,,,,,,,,,,,,,,,,,,0,,,0,,,,,,,,,,,,,,,,,,,,,,0,,,,,,,,,,,,,,1,,,,,,,,,,,,,,,,,,,,,,,,,,,,,,,,,,,,,,,,,,,,,,,,,,,,,,,,,,,,,,,,,,,,,,,,,,,,,,,,,,,1,,,,,,,,,,,,,,,,,
Ursodeoxycholic Acid,,,0,,,,0,,,,,0,,,,,,,,,,,,,0,0,,,,,,,,,,,,0,,,,,,0,,,,,,,0,,,,,,0,,,,,,,,,,,0,,,,,,,,0,,,,,,,,,,,,1,,,,,,1,0,,0,,,,,,,,,,,,,,,,0,,,,0,,,,,,,,,,,,,,,,,,,,,,,0,,,,,,,1,1,,1,,,0,,,,,,,,,0,,,,,,,,0,,1,,,,,0,,,,,,,,,,,,,,,0,,,,,,,,,,1,,,,,,,,,,,,0,,1,,,,,,,,,,,,,,,,,,,,,,,,,,,,0,,0,,,,,,,,
Valproic Acid,,,0,,,,,,,0,,,,,,,1,0,,,,,,,,0,,,0,,0,,,,,,,,,,,,0,,,,,0,,,,0,,,0,0,0,,,,,,,,0,,,,,,1,,0,,,,,,,,,0,,,,0,,,,,,,,,,0,0,,,,,,,0,,,,,0,0,,0,0,,,,,,,,,,,,,0,0,0,,,,,,,,1,0,,,0,,,,1,,,,,0,,,,,,1,,,,,0,,,,,,0,,,,,,,0,,,,,,,,,,,,,,0,1,,,,0,,0,,,0,,1,,,,,,,,,,,,,,,1,,,,,,0,,,,,,,,,,,0,,,1,,1,,,,0,1,,,,,,,,,,,,,
Vancomycin,0,0,0,,0,0,0,,,,0,0,,,,,,,,,,,,,,0,,,,0,,,,,0,,,0,,,,,,,0,,,0,1,,,,,,,0,0,,,,,,1,,,,0,,0,,,,,0,,,,,,,,1,,,,,,0,,,,,,,,0,0,,,,,,,0,,,0,,,0,,,,,0,0,0,,0,0,,,,,,0,,,,1,,,,,,,0,,0,,,,,,,,0,,0,0,0,,,,,,1,,,,,0,0,,,0,,0,,,0,,0,,0,0,,,,,0,,,,,,,,,,,0,,,,,,,,1,,,,,,,,,,,,,,0,0,,,,,,,,,,,,,,,,,,,,,,,,0,,,,,,,,,,,,0,,,
Verapamil,,0,,,,,0,,,,,,,0,1,,,,0,1,,,0,0,,1,,1,,,0,0,,0,,,,0,0,,,,0,0,0,,,,,,,1,,,,0,,,,1,,0,,,0,,,0,,,,,,1,,,,,,,,,,,0,1,,,,,,1,,,,0,,,,0,0,,,0,,,0,,,,,,,,0,0,,,,0,0,0,,0,,,,,0,,,,0,1,,,,,,,,,0,,,,0,,,,,,,,,,,,,,,,,0,,0,,0,,,,,,,,,,,,,,,,,,0,,0,0,,,,1,,,,,,,,,0,0,,,,,,,,,,,,,,,,,,,,,,,,,,0,,,,,,1,,,,,,0,,,,0,,,,,,,,,
Vigabatrin,,,,,,,,,,,,,,,,,,,,,,,,,,,,,,,,,,,,,,,,,,,,,,,,,,,,,,,,0,,1,,,,,,,,,,,,,,,,,,,,,,,,,,1,,,,,,,,,,,,0,,,,,,,,,,,,,,,,,,,,,,,,,,1,,,,,,,,,,,,,,,1,,,,,,,,,,,,,,0,,,,,,,,,,,,,,,,,,,,,,,,,,,,,,,,,,,,,,,,,,,,,,,,,,,,,,,,,,,0,,,,,,,,,,,,,,,,,,,,,,,,,,,,,,,,,,,,,,,,,,,,
Vinblastine,,0,,,,,,,,,,,,,,,,,0,,,,,,,0,,,,,,,,,,,,,,,,,,,0,,,0,,,,,,,,,,,,1,,,,,,,,,,1,1,,,,,,,,,,,0,,,,,,,,,,,,,1,,,,,,,,,0,,,0,,,,,,,,,,,,,,,,0,,,0,,0,,,,0,,,,,,,,,,,,,,,0,0,,,,,,,,,,,,,,,,,,0,,,,,,,,,,,,,1,,,,,,,,0,0,,,0,0,,,,,,,,,,,0,,,,,,,,,,,,,,,,,0,,,0,0,,0,1,,,,,,,0,,,,,,0,,,,,,,,,,,,,,
Vitamin B 12,,0,0,,,,,,0,,,0,0,,,,,,,0,,,,,0,,,,0,,,0,,0,0,0,,,0,0,,,0,0,1,,,0,0,,,0,,,,0,0,,,,,0,0,,0,,,,,,,,,0,0,,,,1,,,0,,,,0,,,,,,,,,0,0,0,,0,0,,0,,0,,,0,,,,,,,,0,0,,0,,,0,,,0,,,,,,,,,,,,,,0,,,,,0,,,,0,1,0,,,,,,,,0,,,,0,,,0,,,,,,,,0,0,0,0,,,,,,,,,,0,,0,0,,,,0,0,,,,,,,0,,,0,,,0,,,,,,,,0,,,,,0,,,,,,,,,,,0,0,,,0,,,,,,,,,,0,0,0,,0,,0,,0,,
vorinostat,,0,,,,,,,1,,,,,,,,,,,,,,,,0,,,,,,,,,,,,,,,,,,0,,,,,,,,,,,,,,,,,1,,,,,,,,,,,1,,,,,,,,,,,0,,,,,,,,,,,,,,,,,,,,,,,,,0,,,,,1,,,0,,,0,,,,,,,,,0,0,,,,,,,,,,,,,,,,,,,0,,,,0,,,,,,,,,,,1,0,,,,,,,,,,,,0,,,,,,,,,,,,,,,,,,,,,,,,,,,,,,,,,,,,,,,,,,,,,,,,1,,0,,0,,,,,,,,,,,,,,,,,,,,,,,,,,,
Zidovudine,,,0,,1,,,,,,,,,,,,,,,,,,,,0,0,,,,,0,,,,0,,,,,,,,,,,,,,,,,,0,0,,0,,,,,,,,0,,,,,,,,,,,0,0,,,,,,,,,,,,0,,0,,,0,,1,,,,,0,,,,,,,0,,,,,,,,0,0,,,,,,,,,,,0,,0,,,,0,0,0,,,0,,,,0,,,,,,0,,,0,,,,,0,,,,,,,0,0,,,0,,,1,,,0,0,0,0,,0,,,0,,,,,,,0,,0,,0,0,,,0,0,,,,,0,0,,,,,,,,,0,0,,,,,,,,,,,,,,,,,,0,,,,,,,,,0,,,,,,,,,,,0,,,